person_assigned,double-checked by,rowID,speciesID,common_name,species,doc_type,sara_status,doc_citation,url,web_pub_date,year_published,status_appraisal_rapid_review,final,amendment,taxonomic_group,EOO,IAO,locations,endemic_NA,endemic_canada,continuous_USA,cosewic_status,ranges,cosewic_examined_date,date_of_listing,gic_decision,criteria_used_listing_1,criteria_used_listing_2,criteria_used_listing_3,criteria_used_listing_4,criteria_used_listing_5,1_notes_on_model,1_type_of_model_used,1_report_section_model _referenced,1_uncertainty_reported,1_type_uncertainty_reported,1_degree_of_uncertainty,1_reference,1_reference_type,1_rationale_reference,1_model_species_specific ,1_criteria_model_used_to_inform,1_model_used_listing_decision,1_rationale_model_used_listing_decision,2_notes_on_model,2_type_of_model_used,2_report_section_model _referenced,2_uncertainty_reported,2_type_uncertainty_reported,2_degree_of_uncertainty,2_reference,2_reference_type,2_rationale_reference,2_model_species_specific ,2_criteria_model_used_to_inform,2_model_used_listing_decision,2_rationale_model_used_listing_decision,3_notes_on_model,3_type_of_model_used,3_report_section_model _referenced,3_uncertainty_reported,3_type_uncertainty_reported,3_degree_of_uncertainty,3_reference,3_reference_type,3_rationale_reference,3_model_species_specific ,3_criteria_model_used_to_inform,3_model_used_listing_decision,3_rationale_model_used_listing_decision,4_notes_on_model,4_type_of_model_used,4_report_section_model _referenced,4_uncertainty_reported,4_type_uncertainty_reported,4_degree_of_uncertainty,4_reference,4_reference_type,4_rationale_reference,4_model_species_specific ,4_criteria_model_used_to_inform,4_model_used_listing_decision,4_rationale_model_used_listing_decision,was_model_mentioned_anywhere_else,were_multiple_models_mentioned_elsewhere,report_sections_additional_model_referenced,flag_for_group_discussion,flag_resolution
Aaliyah,Hossam,2,394,allegheny mountain dusky salamander appalachian population,Desmognathus ochrophaeus,COSEWIC Status Reports,Threatened,"COSEWIC. 2018. COSEWIC assessment and status report on the Allegheny Mountain Dusky Salamander Desmognathus ochrophaeus, Appalachian population and Carolinian population in Canada. Committee on the Status of Endangered Wildlife in Canada. Ottawa. xvi + 95 pp.",https://species-registry.canada.ca/index-en.html#/species?sortBy=commonNameSort&sortDirection=asc&pageSize=10&keywords=allegheny%20mountain%20dusky%20salamander%20appalachian%20population,12/20/19,2018,0,1,0,Amphibians,56 km2,56 km2,1,1,0,0,Endangered,QC,4/1/18,6/5/03,NA,"B1ab(iii,v)+2ab(iii,v)",NA,NA,NA,NA,NA,NA,NA,NA,NA,NA,NA,NA,NA,NA,NA,NA,NA,NA,NA,NA,NA,NA,NA,NA,NA,NA,NA,NA,NA,NA,NA,NA,NA,NA,NA,NA,NA,NA,NA,NA,NA,NA,NA,NA,NA,NA,NA,NA,NA,NA,NA,NA,NA,NA,NA,NA,Y,Y,THR,NA,NA
Caitlin,Hossam,735,9,rocky mountain tailed frog,Ascaphus montanus,COSEWIC Status Reports,Endangered,COSEWIC. 2013. COSEWIC assessment and status report on the Rocky Mountain Tailed Frog Ascaphus montanus in Canada. Committee on the Status of Endangered Wildlife in Canada. Ottawa. xii + 46 pp.,https://species-registry.canada.ca/index-en.html#/species?sortBy=commonNameSort&sortDirection=asc&pageSize=10&keywords=rocky%20mountain%20tailed%20frog,10/15/14,2013,0,1,0,Amphibians,3300,296,10,1,0,1,Threatened,BC,11/1/13,6/5/03,Downlist,C1+2a(i),NA,NA,NA,NA,NA,NA,NA,NA,NA,NA,NA,NA,NA,NA,NA,NA,NA,NA,NA,NA,NA,NA,NA,NA,NA,NA,NA,NA,NA,NA,NA,NA,NA,NA,NA,NA,NA,NA,NA,NA,NA,NA,NA,NA,NA,NA,NA,NA,NA,NA,NA,NA,NA,NA,NA,NA,Y,N,THR,NA,NA
Diego,,888,20,coeur d'alene salamander,Plethodon idahoensis,COSEWIC Status Reports,Special Concern,COSEWIC. 2007. COSEWIC assessment and update status report on the Coeur d¬íAlene Salamander Plethodon idahoensis in Canada. Committee on the Status of Endangered Wildlife in Canada. Ottawa. vii + 21 pp.,https://species-registry.canada.ca/index-en.html#/species?sortBy=commonNameSort&sortDirection=asc&pageSize=10&keywords=coeur%20d%27alene%20salamander,8/28/08,2007,0,1,0,Amphibians,17000,100,56,1,0,1,Special Concern,BC,11/1/07,6/5/03,NA,NA,NA,NA,NA,,NA,NA,NA,NA,NA,NA,NA,NA,NA,NA,NA,NA,NA,NA,NA,NA,NA,NA,NA,NA,NA,NA,NA,NA,NA,NA,NA,NA,NA,NA,NA,NA,NA,NA,NA,NA,NA,NA,NA,NA,NA,NA,NA,NA,NA,NA,NA,NA,NA,NA,NA,NA,Y,N,THR,NA,NA
Caitlin/Hossam,Jayme,815,67,western tiger salamander southern mountain population,Ambystoma mavortium,COSEWIC Status Reports,Endangered,COSEWIC. 2012. COSEWIC assessment and status report on the Western Tiger Salamander Ambystoma mavortium in Canada. Committee on the Status of Endangered Wildlife in Canada. Ottawa. xv + 63 pp.,https://species-registry.canada.ca/index-en.html#/species?sortBy=commonNameSort&sortDirection=asc&pageSize=10&keywords=western%20tiger%20salamander%20southern%20mountain%20population,11/4/13,2012,0,1,0,Amphibians,5054,348,14,1,0,1,Endangered,BC,11/1/12,6/5/03,NA,"B1ab(ii,iii,v)c(iv)+2ab(ii,iii,v)c(iv)",NA,NA,NA,NA,NA,NA,NA,NA,NA,NA,NA,NA,NA,NA,NA,NA,NA,NA,NA,NA,NA,NA,NA,NA,NA,NA,NA,NA,NA,NA,NA,NA,NA,NA,NA,NA,NA,NA,NA,NA,NA,NA,NA,NA,NA,NA,NA,NA,NA,NA,NA,NA,NA,NA,NA,NA,Y,Y,"THR, HAB, BIOL",NA,NA
Lucas,,1011,91,western tiger salamander prairie/boreal population,Ambystoma mavortium,COSEWIC Status Reports,Special Concern,COSEWIC. 2012. COSEWIC assessment and status report on the Western Tiger Salamander Ambystoma mavortium in Canada. Committee on the Status of Endangered Wildlife in Canada. Ottawa. xv + 63 pp.,https://species-registry.canada.ca/index-en.html#/species?sortBy=commonNameSort&sortDirection=asc&pageSize=10&keywords=western%20tiger%20salamander%20prairie%20%2F%20boreal%20population,11/4/13,2012,0,1,0,Amphibians,567436,2388,500,1,0,1,Special Concern,AB SK MB,11/1/12,2/2/18,List,NA,NA,NA,NA,NA,NA,NA,NA,NA,NA,NA,NA,NA,NA,NA,NA,NA,NA,NA,NA,NA,NA,NA,NA,NA,NA,NA,NA,NA,NA,NA,NA,NA,NA,NA,NA,NA,NA,NA,NA,NA,NA,NA,NA,NA,NA,NA,NA,NA,NA,NA,NA,NA,NA,NA,NA,NA,Y,N,THR,NA ,NA
Aaliyah,Jayme,723,214,oregon spotted frog,Rana pretiosa,COSEWIC Status Reports,Endangered,COSEWIC. 2011. COSEWIC assessment and status report on the Oregon Spotted FrogRana pretiosa in Canada. Committee on the Status of Endangered Wildlife in Canada. Ottawa. xi + 47 pp.,https://species-registry.canada.ca/index-en.html#/species?sortBy=commonNameSort&sortDirection=asc&pageSize=10&keywords=oregon%20spotted%20frog,9/9/11,2011,0,1,0,Amphibians,303,40,4,1,0,0,Endangered,BC,5/1/11,6/5/03,NA,"B1ab(i,ii,iii,iv,v)+2ab(i,ii,iii,iv,v)",C2a(i),NA,NA,NA,"A population trend analysis for R. pretiosa in Canada from 1997 to 2007 was completed. The model estimates the most likely population outcome over time, assuming a simple exponential trend in population size (Bishop 2007). The inter-annual variation in population estimate was assumed to follow a negative binomial distribution. The probability of long-term (>2050) persistence of the population at Aldergrove was calculated as <1% (Bishop 2007). A population trend analysis for 1997 and 2009, conducted by B. Smith as described above for Aldergrove, indicated that there was a 17.2% probability of population extinction by 2015, a 32.5% probability of extinction by 2020, and that the population has an approximate 50% probability of continuing past 2050 (Smith pers. comm. 2009).",abundance,POP,N,NRP,NRP,"Bishop, C. 2007. Scientific assessment of the status of Oregon spotted frog in British Columbia. Unpublished report prepared for Environment Canada. 33 pp. Smith pers. comm. 2009",UNP,Unpublished report for Environemnt Canada,Y,"A,C",Y,Analysis shows decline in population and data collected since 2007 don't show population recovery in Aldergrove ,Simple extrapolation from egg-mass counts...,abundance,POP,N,NRP,NRP,NRP,NEW,"No reference provided, seems like the status report author did this analysis themself",Y,"A,C",Y,"Seems to be cited in Criterion A, when they say the magnitude of decline is uncertain; this is similar language to the paragraph describing the model. As for criterion C, ",NA,NA,NA,NA,NA,NA,NA,NA,NA,NA,NA,NA,NA,NA,NA,NA,NA,NA,NA,NA,NA,NA,NA,NA,NA,NA,N,NA,NA,NA,"resolved- changing Y in column CI to ""NA"""
Aaliyah,Hossam,819,311,great basin spadefoot,Spea intermontana,COSEWIC Status Reports,Threatened,COSEWIC 2007. COSEWIC assessment and update status report on the Great Basin Spadefoot Spea intermontana in Canada. Committee on the Status of Endangered Wildlife in Canada. Ottawa. vii + 34 pp.,https://species-registry.canada.ca/index-en.html#/species?sortBy=commonNameSort&sortDirection=asc&pageSize=10&keywords=great%20basin%20spadefoot,8/29/07,2007,0,1,0,Amphibians,30770,864,235,1,0,1,Threatened,BC,4/1/07,6/5/03,NA,"B2ab(ii,iii)c(iv)",NA,NA,NA,NA,NA,NA,NA,NA,NA,NA,NA,NA,NA,NA,NA,NA,NA,NA,NA,NA,NA,NA,NA,NA,NA,NA,NA,NA,NA,NA,NA,NA,NA,NA,NA,NA,NA,NA,NA,NA,NA,NA,NA,NA,NA,NA,NA,NA,NA,NA,NA,NA,NA,NA,NA,NA,N,NA,NA,NA,NA
Aaliyah,Hossam,784,388,northern leopard frog rocky mountain population,Lithobates pipiens,COSEWIC Status Reports,Endangered,"COSEWIC. 2009. COSEWIC assessment and update status report on the Northern Leopard Frog Lithobates pipiens, Rocky Mountain population, Western Boreal/Prairie populations and Eastern populations, in Canada. Committee on the Status of Endangered Wildlife in Canada. Ottawa. vii + 69 pages (pp.)",https://species-registry.canada.ca/index-en.html#/species?sortBy=commonNameSort&sortDirection=asc&pageSize=10&keywords=northern%20leopard%20frog%20rocky%20mountain%20population,8/28/09,2009,0,1,0,Amphibians,322,268,1,1,0,1,Endangered,BC,4/1/09,6/5/03,NA,C2a(i),D1,NA,NA,NA,NA,NA,NA,NA,NA,NA,NA,NA,NA,NA,NA,NA,NA,NA,NA,NA,NA,NA,NA,NA,NA,NA,NA,NA,NA,NA,NA,NA,NA,NA,NA,NA,NA,NA,NA,NA,NA,NA,NA,NA,NA,NA,NA,NA,NA,NA,NA,NA,NA,NA,NA,NA,N,NA,NA,NA,NA
Hossam,Jayme,744,396,allegheny mountain dusky salamander carolinian population,Desmognathus ochrophaeus,COSEWIC Status Reports,Endangered,COSEWIC 2007. COSEWIC assessment and update status report on the Allegheny Mountain Dusky Salamander Desmognathus ochrophaeus (Great Lakes/St. Lawrence population and Carolinian population) in Canada. Committee on the Status of Endangered Wildlife in Canada. Ottawa. viii + 32 pp.,https://species-registry.canada.ca/index-en.html#/species?sortBy=commonNameSort&sortDirection=asc&pageSize=10&keywords=allegheny%20mountain%20dusky%20salamander%20carolinian%20population,8/29/07,2007,0,1,0,Amphibians,5.30E-03,5.30E-03,1,1,0,1,Endangered,ON,4/1/2007,6/5/2003,NA,D1,NA,NA,NA,NA,NA,NA,NA,NA,NA,NA,NA,NA,NA,NA,NA,NA,NA,NA,NA,NA,NA,NA,NA,NA,NA,NA,NA,NA,NA,NA,NA,NA,NA,NA,NA,NA,NA,NA,NA,NA,NA,NA,NA,NA,NA,NA,NA,NA,NA,NA,NA,NA,NA,NA,NA,NA,N,N,NA,NA,NA
Caitlin,Hossam,860,431,northern dusky salamander carolinian population,Desmognathus fuscus,COSEWIC Status Reports,Endangered,NA,https://species-registry.canada.ca/index-en.html#/species?sortBy=commonNameSort&sortDirection=asc&pageSize=10&keywords=northern%20dusky%20salamander%20carolinian%20population,NA,2012,0,1,0,Amphibians,4,4,1,1,0,1,Endangered,ON,5/1/12,6/2/17,List,B1ab(iii)+2ab(iii),D1,NA,NA,NA,NA,NA,NA,NA,NA,NA,NA,NA,NA,NA,NA,NA,NA,NA,NA,NA,NA,NA,NA,NA,NA,NA,NA,NA,NA,NA,NA,NA,NA,NA,NA,NA,NA,NA,NA,NA,NA,NA,NA,NA,NA,NA,NA,NA,NA,NA,NA,NA,NA,NA,NA,NA,Y,N,THR,NA,NA
Hossam,,,,eastern tiger salamander carolinian population,Ambystoma tigrinum,COSEWIC Status Reports,Extirpated,"COSEWIC. 2023. COSEWIC Rapid Review of Classification on the Eastern Tiger Salamander Ambystoma tigrinum, Carolinian population, in Canada. Committee on the Status of Endangered Wildlife in Canada. Ottawa. ixpp.",https://species-registry.canada.ca/index-en.html#/species?sortBy=commonNameSort&sortDirection=asc&pageSize=10&keywords=eastern%20tiger%20salamander%20carolinian%20population,1/23/24,2023,1,0,0,Amphibians,,,,,,,Extirpated,,,,,NA,NA,NA,NA,NA,NA,NA,NA,NA,NA,NA,NA,NA,NA,NA,NA,NA,NA,NA,NA,NA,NA,NA,NA,NA,NA,NA,NA,NA,NA,NA,NA,NA,NA,NA,NA,NA,NA,NA,NA,NA,NA,NA,NA,NA,NA,NA,NA,NA,NA,NA,NA,NA,NA,NA,NA,NA,N,NA,NA,NA,NA
Lucas,,,,northern leopard frog rocky mountain population,Lithobates pipiens,COSEWIC Status Reports,Endangered,"COSEWIC. 2021. COSEWIC status appraisal summary on the Northern Leopard Frog, Rocky Mountain population, Lithobates pipiens in Canada. Committee on the Status of Endangered Wildlife in Canada. Ottawa. xxiii pp",https://species-registry.canada.ca/index-en.html#/species?sortBy=commonNameSort&sortDirection=asc&pageSize=10&keywords=northern%20leopard%20frog%20rocky%20mountain%20population,11/17/22,2021,1,1,0,Amphibians,,,,,,,Endangered,,,,,"B1ab(iii,v)+2ab(iii,v)","C2a(i,ii)",D1,NA,NA,NA,NA,NA,NA,NA,NA,NA,NA,NA,NA,NA,NA,NA,NA,NA,NA,NA,NA,NA,NA,NA,NA,NA,NA,NA,NA,NA,NA,NA,NA,NA,NA,NA,NA,NA,NA,NA,NA,NA,NA,NA,NA,NA,NA,NA,NA,NA,NA,NA,NA,NA,NA,N,NA,NA,NA,NA
Hossam,,244,430,pygmy snaketail,Ophiogomphus howei,COSEWIC Status Reports,Special Concern,COSEWIC. 2018. COSEWIC assessment and status report on the Pygmy SnaketailOphiogomphus howei in Canada. Committee on the Status of Endangered Wildlife in Canada. Ottawa. xi + 46 pp.,https://species-registry.canada.ca/index-en.html#/species?sortBy=commonNameSort&sortDirection=asc&pageSize=10&keywords=pygmy%20snaketail,10/9/19,2018,0,1,0,Arthropods,"162,904 km2",92 km2,NA,1,0,1,Special Concern,ON NB,11/1/18,2/4/11,NA,NA,NA,NA,NA,NA,NA,NA,NA,NA,NA,NA,NA,NA,NA,NA,NA,NA,NA,NA,NA,NA,NA,NA,NA,NA,NA,NA,NA,NA,NA,NA,NA,NA,NA,NA,NA,NA,NA,NA,NA,NA,NA,NA,NA,NA,NA,NA,NA,NA,NA,NA,NA,NA,NA,NA,NA,NA,N,NA,NA,NA,NA
Aaliyah,Hossam,252,404,rapids clubtail,Gomphus quadricolor,COSEWIC Status Reports,Endangered,COSEWIC. 2018. COSEWIC assessment and status report on the Rapids Clubtail Phanogomphus quadricolor in Canada. Committee on the Status of Endangered Wildlife in Canada. Ottawa. xii + 48 pp.,https://species-registry.canada.ca/index-en.html#/species?sortBy=commonNameSort&sortDirection=asc&pageSize=10&keywords=rapids%20clubtail,10/9/19,2018,0,1,0,Arthropods,"7,995 km2",36 km2,44320,1,0,0,Endangered,ON,11/1/18,2/23/10,NA,B2ab(iii),NA,NA,NA,NA,NA,NA,NA,NA,NA,NA,NA,NA,NA,NA,NA,NA,NA,NA,NA,NA,NA,NA,NA,NA,NA,NA,NA,NA,NA,NA,NA,NA,NA,NA,NA,NA,NA,NA,NA,NA,NA,NA,NA,NA,NA,NA,NA,NA,NA,NA,NA,NA,NA,NA,NA,NA,N,NA,NA,NA,NA
Aaliyah,Hossam,276,829,sable island sweat bee,Lasioglossum sablense,COSEWIC Status Reports,Threatened,COSEWIC. 2014. COSEWIC assessment and status report on the Sable Island Sweat Bee Lasioglossum sablense in Canada. Committee on the Status of Endangered Wildlife in Canada. Ottawa. ix + 38 pp.,https://species-registry.canada.ca/index-en.html#/species?sortBy=commonNameSort&sortDirection=asc&pageSize=10&keywords=sable%20island%20sweat%20bee,12/9/15,2014,0,1,0,Arthropods,118 km2,16 km2,< 5,1,1,0,Threatened,NS,11/1/14,5/30/18,List,D2,NA,NA,NA,NA,NA,NA,NA,NA,NA,NA,NA,NA,NA,NA,NA,NA,NA,NA,NA,NA,NA,NA,NA,NA,NA,NA,NA,NA,NA,NA,NA,NA,NA,NA,NA,NA,NA,NA,NA,NA,NA,NA,NA,NA,NA,NA,NA,NA,NA,NA,NA,NA,NA,NA,NA,NA,Y,N,THR,NA,NA
Aaliyah,Hossam,346,127,verna's flower moth,Schinia verna,COSEWIC Status Reports,Threatened,COSEWIC. 2017. COSEWIC assessment and status report on the Verna¬ís Flower Moth Schinia verna in Canada. Committee on the Status of Endangered Wildlife in Canada. Ottawa. x + 42 pp.,https://species-registry.canada.ca/index-en.html#/species?sortBy=commonNameSort&sortDirection=asc&pageSize=10&keywords=verna%27s%20flower%20moth,10/15/18,2017,0,1,0,Arthropods,"157,421 km2",28 km2,Unknown,1,1,0,Threatened,AB SK MB,11/1/17,3/5/09,NA,C2a(i),NA,NA,NA,NA,NA,NA,NA,NA,NA,NA,NA,NA,NA,NA,NA,NA,NA,NA,NA,NA,NA,NA,NA,NA,NA,NA,NA,NA,NA,NA,NA,NA,NA,NA,NA,NA,NA,NA,NA,NA,NA,NA,NA,NA,NA,NA,NA,NA,NA,NA,NA,NA,NA,NA,NA,NA,N,NA,NA,NA,NA
Lucas,,347,1036,vivid dancer,Argia vivida,COSEWIC Status Reports,Special Concern,COSEWIC. 2015. COSEWIC assessment and status report on the Vivid Dancer Argia vivida in Canada. Committee on the Status of Endangered Wildlife in Canada. Ottawa. ix + 53 pp.,https://species-registry.canada.ca/index-en.html#/species?sortBy=commonNameSort&sortDirection=asc&pageSize=10&keywords=vivid%20dancer,11/20/15,2015,0,1,0,Arthropods,"106,000 km2",124 km2,22,1,0,1,Special Concern,BC AB,5/1/15,2/25/19,List,NA,NA,NA,NA,NA,NA,NA,NA,NA,NA,NA,NA,NA,NA,NA,NA,NA,NA,NA,NA,NA,NA,NA,NA,NA,NA,NA,NA,NA,NA,NA,NA,NA,NA,NA,NA,NA,NA,NA,NA,NA,NA,NA,NA,NA,NA,NA,NA,NA,NA,NA,NA,NA,NA,NA,NA,NA,NA,NA,NA,NA,NA
Lucas,Hossam,820,1,bert's predaceous diving beetle,Sanfilippodytes bertae,COSEWIC Status Reports,Endangered,COSEWIC. 2009. COSEWIC assessment and status report on the Bert¬ís Predaceous Diving Beetle Sanfilippodytes bertae in Canada. Committee on the Status of Endangered Wildlife in Canada. Ottawa. vii + 27 pp.,https://species-registry.canada.ca/index-en.html#/species?sortBy=commonNameSort&sortDirection=asc&pageSize=10&keywords=bert%27s%20predaceous%20diving%20beetle,9/3/10,2009,0,1,0,Arthropods,4,4,1,1,1,0,Endangered,AB,11/1/09,6/20/12,List,B1ab(iii) + 2ab(iii),NA,NA,NA,NA,NA,NA,NA,NA,NA,NA,NA,NA,NA,NA,NA,NA,NA,NA,NA,NA,NA,NA,NA,NA,NA,NA,NA,NA,NA,NA,NA,NA,NA,NA,NA,NA,NA,NA,NA,NA,NA,NA,NA,NA,NA,NA,NA,NA,NA,NA,NA,NA,NA,NA,NA,NA,NA,NA,NA,NA,NA
Caitlin,Hossam,671,43,poweshiek skipperling,Oarisma poweshiek,COSEWIC Status Reports,Threatened,COSEWIC. 2014. COSEWIC assessment and status report on the Poweshiek Skipperling Oarisma poweshiek in Canada. Committee on the Status of Endangered Wildlife in Canada. Ottawa. xi + 43 pp.,https://species-registry.canada.ca/index-en.html#/species?sortBy=commonNameSort&sortDirection=asc&pageSize=10&keywords=poweshiek%20skipperling,12/9/15,2014,0,1,0,Arthropods,41,40,3.5,1,0,1,Endangered,MB,11/1/14,7/14/05,Uplist,B1ab(iii)+2ab(iii),C2a(i),NA,NA,NA,NA,NA,NA,NA,NA,NA,NA,NA,NA,NA,NA,NA,NA,NA,NA,NA,NA,NA,NA,NA,NA,NA,NA,NA,NA,NA,NA,NA,NA,NA,NA,NA,NA,NA,NA,NA,NA,NA,NA,NA,NA,NA,NA,NA,NA,NA,NA,NA,NA,NA,NA,N,NA,NA,NA,NA,NA
Hossam,Jayme,716,44,gold-edged gem,Schinia avemensis,COSEWIC Status Reports,Endangered,COSEWIC. 2016. COSEWIC assessment and status report on the Gold-edged Gem Schinia avemensis in Canada. Committee on the Status of Endangered Wildlife in Canada. Ottawa. xi + 49 pp,https://species-registry.canada.ca/index-en.html#/species?sortBy=commonNameSort&sortDirection=asc&pageSize=10&keywords=gold%20-%20edged%20gem,10/24/17,2016,0,1,0,Arthropods,121000,500,14,1,0,0,Endangered,AB SK MB,11/1/16,12/13/07,NA,"B2ab(ii,iii)",NA,NA,NA,NA,NA,NA,NA,NA,NA,NA,NA,NA,NA,NA,NA,NA,NA,NA,NA,NA,NA,NA,NA,NA,NA,NA,,NA,NA,NA,NA,NA,NA,NA,NA,NA,NA,NA,NA,NA,NA,NA,NA,NA,NA,NA,NA,NA,NA,NA,NA,NA,NA,NA,NA,NA,N,NA,NA,NA,NA
Caitlin,Hossam,576,48,dakota skipper,Hesperia dacotae,COSEWIC Status Reports,Threatened,COSEWIC. 2014. COSEWIC assessment and status report on the Dakota Skipper Hesperia dacotae in Canada. Committee on the Status of Endangered Wildlife in Canada. Ottawa. xii + 61 pp.,https://species-registry.canada.ca/index-en.html#/species?sortBy=commonNameSort&sortDirection=asc&pageSize=10&keywords=dakota%20skipper,1/6/15,2014,0,1,0,Arthropods,26300,248,6,1,0,1,Endangered,SK MB,5/1/14,7/14/05,Uplist,"B2ab(i,ii,iii,iv,v)",NA,NA,NA,NA,NA,NA,NA,NA,NA,NA,NA,NA,NA,NA,NA,NA,NA,NA,NA,NA,NA,NA,NA,NA,NA,NA,NA,NA,NA,NA,NA,NA,NA,NA,NA,NA,NA,NA,NA,NA,NA,NA,NA,NA,NA,NA,NA,NA,NA,NA,NA,NA,NA,NA,NA,N,NA,NA,NA,NA,NA
Caitlin,,664,49,sand-verbena moth,Copablepharon fuscum,COSEWIC Status Reports,Endangered,COSEWIC. 2013. COSEWIC status appraisal summary on the Sand-verbena Moth Copablepharon fuscum in Canada. Committee on the Status of Endangered Wildlife in Canada. Ottawa. xxiv pp,https://species-registry.canada.ca/index-en.html#/species?sortBy=commonNameSort&sortDirection=asc&pageSize=10&keywords=sand%20-%20verbena%20moth,10/15/14,2013,1,1,0,Arthropods,8116,20,5,1,0,1,Endangered,BC,11/1/13,7/14/05,NA,B2ab(iii),NA,NA,NA,NA,NA,NA,NA,NA,NA,NA,NA,NA,NA,NA,NA,NA,NA,NA,NA,NA,NA,NA,NA,NA,NA,NA,NA,NA,NA,NA,NA,NA,NA,NA,NA,NA,NA,NA,NA,NA,NA,NA,NA,NA,NA,NA,NA,NA,NA,NA,NA,NA,NA,NA,NA,NA,NA,NA,NA,NA,NA
Aaliyah/Caitlin,Jayme,899,50,monarch,Danaus plexippus,COSEWIC Status Reports,Special Concern,COSEWIC. 2016. COSEWIC assessment and status report on the Monarch Danaus plexippus in Canada. Committee on the Status of Endangered Wildlife in Canada. Ottawa. xiii + 59 pp,https://species-registry.canada.ca/index-en.html#/species?sortBy=commonNameSort&sortDirection=asc&pageSize=10&keywords=monarch,10/24/17,2016,0,1,0,Arthropods,1300000,2000,NR,0,0,1,Endangered,BC AB SK MB ON QC NB PE NS,11/1/16,6/5/03,NA,A2bce,NA,NA,NA,NA,"Monarch population models and estimate extinction risk and population declines. predicts a >5% risk of quasi-extinction over 100 years. The study used a spatially structured stochastic and density-dependent periodic projection matrix model to estimate the probability of quasi-extinction, for which the threshold for quasi-extinction was set at <1000 individuals. Along with the quasi-extinction probability, the paper projects a 14% population decline over 100 years.",abundance,POP,NA,NRP,NRP,"Flockhart, D.T.T., J.P. Pichancourt, D.R. Norris and T.G. Martin. 2014. Unravelling the annual cycle in a migratory animal: breeding-season habitat loss drives population declines of monarch butterflies. Journal of Animal Ecology. 84(1): 155-165.",PR,Published in journal of Ecology,Y,A,N,Model estimated the probability quasi-extinction of population and suggest population decline of 14% over 100 yrs and decline due to decline in milkweed in US overwintering site,"Quasi-extinction model is detailed in a recent paper by Semmens et al. (2016) and is applicable to the eastern Monarchs only. The model predicts the probability of quasi-extinction to be 11-57% over 20 years using a starting population that corresponds to the winter 2014/2015 estimate of 1.13ha, and a range of quasi-extinction thresholds from 0.01-0.25 ha. The model was fit using occupied overwintering hectares of forest across all years there was data (1993–2014) and total annual egg production in the Midwest (1999– 2014), a population growth rate (estimated at 0.94), as well as a yearly deviation. The model assumes a normal distribution and a standard deviation termed process noise (or population stochasticity due to biological and environmental variability) and that the noise in the time series is greater than the measurement error associated with the Mexican overwintering data.",demographic,POP,Y,OTH,MED,"Semmens, B.X., D.J. Semmens, W.E. Thogmartin, R. Wiederholt, L. López-Hoffman, J.E. Diffendorfer, J.M. Pleasants, K.S. Oberhauser and O.R. Taylor. 2016. Quasi-extinction risk and population targets for the Eastern, migratory population of monarch butterflies (Danaus plexippus). Scientific Reports 6, Article number: 23265 doi:10.1038/srep23265",PR,Scientific report published in journals,Y,E,N,It is not used to inform listing decision because solely pertains to eastern monarchs,Climate models predict that suitable climatic habitat for Oyamel Fir will decline by 50% by 2030 and be completely eliminated by 2090,distributional,"HAB, THR",N,NRP,NRP,Ramirez et al. 2015,PR,scientific book,N,A,Y,"""based on a decline in habitat quality at both overwintering sites and...""",a log-linear regression of the time series indicates an 83% decline.,abundance,POP,N,NRP,NRP,NRP,NEW,Seems like it was produced for this report alone using the MonarchWatch data,Y,A,Y,"decline in population estimates in overwintering areas is cited under Criteria A, and this model seems like the only one that shows that decline",Y,Y,"HAB, THR",NA,NA
Hossam,,591,132,island blue,Plebejus saepiolus insulanus,COSEWIC Status Reports,Endangered,COSEWIC. 2012. COSEWIC status appraisal summary on the Island Blue Plebejus saepiolus insulanus in Canada. Committee on the Status of Endangered Wildlife in Canada. Ottawa. x pp.,https://species-registry.canada.ca/index-en.html#/species?sortBy=commonNameSort&sortDirection=asc&pageSize=10&keywords=island%20blue,1/3/13,2012,1,1,0,Arthropods,NR,NR,NR,1,1,0,Endangered,BC,5/1/12,6/5/03,NA,B1ab(iii)+2ab(iii),NA,NA,NA,NA,NA,NA,NA,NA,NA,NA,NA,NA,NA,NA,NA,NA,NA,NA,NA,NA,NA,NA,NA,NA,NA,NA,NA,NA,NA,NA,NA,NA,NA,NA,NA,NA,NA,NA,NA,NA,NA,NA,NA,NA,NA,NA,NA,NA,NA,NA,NA,NA,NA,NA,NA,NA,N,NA,NA,NA,NA
Caitlin,,1012,171,dune tachinid fly,Germaria angustata,COSEWIC Status Reports,Special Concern,COSEWIC. 2011. COSEWIC assessment and status report on the Dune Tachinid Fly Germaria angustatain Canada. Committee on the Status of Endangered Wildlife in Canada. Ottawa. x + 43 pp.,https://species-registry.canada.ca/index-en.html#/species?sortBy=commonNameSort&sortDirection=asc&pageSize=10&keywords=dune%20tachinid%20fly,9/9/11,2011,0,1,0,Arthropods,15600,48,11,0,0,0,Special Concern,YT,5/1/11,2/3/17,List,NA,NA,NA,NA,NA,NA,NA,NA,NA,NA,NA,NA,NA,NA,NA,NA,NA,NA,NA,NA,NA,NA,NA,NA,NA,NA,NA,NA,NA,NA,NA,NA,NA,NA,NA,NA,NA,NA,NA,NA,NA,NA,NA,NA,NA,NA,NA,NA,NA,NA,NA,NA,NA,NA,NA,NA,NA,N,NA,NA,NA ,NA
Caitlin,,1000,185,greenish-white grasshopper,Hypochlora alba,COSEWIC Status Reports,Special Concern,COSEWIC. 2012. COSEWIC assessment and status report on the Pink Coreopsisin Canada. Committee on the Status of Endangered Wildlife in Canada. Ottawa. xii + 24 pp.,https://species-registry.canada.ca/index-en.html#/species?sortBy=commonNameSort&sortDirection=asc&pageSize=10&keywords=greenish%20-%20white%20grasshopper,11/6/13,2012,0,1,0,Arthropods,44500,250,107,1,0,1,Special Concern,AB SK MB,11/1/12,2/2/18,List,NA,NA,NA,NA,NA,NA,NA,NA,NA,NA,NA,NA,NA,NA,NA,NA,NA,NA,NA,NA,NA,NA,NA,NA,NA,NA,NA,NA,NA,NA,NA,NA,NA,NA,NA,NA,NA,NA,NA,NA,NA,NA,NA,NA,NA,NA,NA,NA,NA,NA,NA,NA,NA,NA,NA,NA,NA,Y,NA,THR,NA ,NA
Hossam,,910,193,pale yellow dune moth,Copablepharon grandis,COSEWIC Status Reports,Special Concern,COSEWIC. 2007. COSEWIC assessment and status report on the Pale Yellow Dune Moth Copablepharon grandis in Canada. Committee on the Status of Endangered Wildlife in Canada. Ottawa. vii + 28 pp.,https://species-registry.canada.ca/index-en.html#/species?sortBy=commonNameSort&sortDirection=asc&pageSize=10&keywords=pale%20yellow%20dune%20moth,8/28/08,2007,0,1,0,Arthropods,184590,203,10,1,0,1,Special Concern,AB SK MB,11/1/07,2/23/10,NA,NA,NA,NA,NA,NA,NA,NA,NA,NA,NA,NA,NA,NA,NA,NA,NA,NA,NA,NA,NA,NA,NA,NA,NA,NA,NA,NA,NA,NA,NA,NA,NA,NA,NA,NA,NA,NA,NA,NA,NA,NA,NA,NA,NA,NA,NA,NA,NA,NA,NA,NA,NA,NA,NA,NA,NA,NA,N,NA,NA,NA,NA
Caitlin,,894,199,weidemeyer's admiral,Limenitis weidemeyerii,COSEWIC Status Reports,Special Concern,NA,https://species-registry.canada.ca/index-en.html#/species?sortBy=commonNameSort&sortDirection=asc&pageSize=10&keywords=weidemeyer%27s%20admiral,NA,2012,0,1,0,Arthropods,1081,164,7,1,0,1,Special Concern,AB,5/1/12,6/5/03,NA,NA,NA,NA,NA,NA,"Habitat suitability modeling for the Milk River area...based on the cover of woody species and slope, probably overestimates the amount of potential habitat for Weidemeyer's Admiral in Alberta due to coarseness of mapped vegetation polygons and the inclusion of shrubs that are not larval host species",distributional,DIS,N,NRP,NRP,"Taylor, B.N. 2004. Weidemeyer's Admiral (Limenitis weidemeyerii). pp. 131-135 in Downey, B.A., B.L. Downey, R.W. Quinlan, O. Castelli, V.J. Remesz and P.F. Jones (eds.). 2004. MULTISAR: The Milk River Basin habitat suitability models for selected wildlife management species. Alberta Sustainable Resource Management, Fish and Wildlife Division, Alberta Species at Risk Report No. 86, Edmonton, AB.",GL,Book published by Alberta govt.,N,NA,N,"Model predicts (potentially overpredicts) habitat suitability, but the species was not listed as EN or TH bc theres a lack of data on population declines",NA,NA,NA,NA,NA,NA,NA,NA,NA,NA,NA,NA,NA,NA,NA,NA,NA,NA,NA,NA,NA,NA,NA,NA,NA,NA,NA,NA,NA,NA,NA,NA,NA,NA,NA,NA,NA,NA,NA,N,NA,NA,NA,NA
Lucas,,604,216,ottoe skipper,Hesperia ottoe,COSEWIC Status Reports,Endangered,COSEWIC. 2015. COSEWIC status appraisal summary on the Ottoe Skipper Hesperia ottoe in Canada. Committee on the Status of Endangered Wildlife in Canada. Ottawa. xix pp.,https://species-registry.canada.ca/index-en.html#/species?sortBy=commonNameSort&sortDirection=asc&pageSize=10&keywords=ottoe%20skipper,2/2/16,2015,1,1,0,Arthropods,4,4,1,1,0,0,Endangered,MB,5/1/15,8/15/06,NA,B1ab(iii)+2ab(iii),NA,NA,NA,NA,NA,NA,NA,NA,NA,NA,NA,NA,NA,NA,NA,NA,NA,NA,NA,NA,NA,NA,NA,NA,NA,NA,NA,NA,NA,NA,NA,NA,NA,NA,NA,NA,NA,NA,NA,NA,NA,NA,NA,NA,NA,NA,NA,NA,NA,NA,NA,NA,NA,NA,NA,NA,NA,NA,NA,NA,NA
Hossam,Jayme,786,251,wallis' dark saltflat tiger beetle,Cicindela parowana wallisi,COSEWIC Status Reports,Endangered,COSEWIC. 2009. COSEWIC assessment and status report on the Wallis¬í Dark Saltflat Tiger Beetle Cicindela parowana wallisi in Canada. Committee on the Status of Endangered Wildlife in Canada. Ottawa. vi + 28 pp.,https://species-registry.canada.ca/index-en.html#/species?sortBy=commonNameSort&sortDirection=asc&pageSize=10&keywords=wallis%27%20dark%20saltflat%20tiger%20beetle,9/3/10,2009,0,1,0,Arthropods,4,4,1,1,0,1,Endangered,BC,11/1/09,6/20/12,List,B1ab(iii)+2ab(iii),C2a(ii),NA,NA,NA,NA,NA,NA,NA,NA,NA,NA,NA,NA,NA,NA,NA,NA,NA,NA,NA,NA,NA,NA,NA,NA,NA,NA,NA,NA,NA,NA,NA,NA,NA,NA,NA,NA,NA,NA,NA,NA,NA,NA,NA,NA,NA,NA,NA,NA,NA,NA,NA,NA,NA,NA,NA,N,NA,NA,NA,NA
Caitlin,Hossam,863,391,hine's emerald,Somatochlora hineana,COSEWIC Status Reports,Endangered,NA,https://species-registry.canada.ca/index-en.html#/species?sortBy=commonNameSort&sortDirection=asc&pageSize=10&keywords=hine%27s%20emerald,NA,2011,0,1,0,Arthropods,28,28,1,1,0,1,Endangered,ON,5/1/11,6/2/17,List,B1ab(iii) + 2ab(ii),NA,NA,NA,NA,NA,NA,NA,NA,NA,NA,NA,NA,NA,NA,NA,NA,NA,NA,NA,NA,NA,NA,NA,NA,NA,NA,NA,NA,NA,NA,NA,NA,NA,NA,NA,NA,NA,NA,NA,NA,NA,NA,NA,NA,NA,NA,NA,NA,NA,NA,NA,NA,NA,NA,NA,NA,N,NA,NA,NA,NA
Aaliyah,,953,430,pygmy snaketail,Ophiogomphus howei,COSEWIC Status Reports,Special Concern,COSEWIC. 2008. COSEWIC assessment and status report on the Pygmy Snaketail Ophiogomphus howei in Canada. Committee on the Status of Endangered Wildlife in Canada. Ottawa. vii + 34 pp.,https://species-registry.canada.ca/index-en.html#/species?sortBy=commonNameSort&sortDirection=asc&pageSize=10&keywords=pygmy%20snaketail,8/28/09,2008,0,1,0,Arthropods,175000,48,12,1,0,1,Special Concern,ON NB,11/1/08,2/4/11,NA,NA,NA,NA,NA,NA,NA,NA,NA,NA,NA,NA,NA,NA,NA,NA,NA,NA,NA,NA,NA,NA,NA,NA,NA,NA,NA,NA,NA,NA,NA,NA,NA,NA,NA,NA,NA,NA,NA,NA,NA,NA,NA,NA,NA,NA,NA,NA,NA,NA,NA,NA,NA,NA,NA,NA,NA,NA,N,NA,NA,NA,NA
Hossam,Jayme,634,451,yucca moth,Tegeticula yuccasella,COSEWIC Status Reports,Endangered,NA,https://species-registry.canada.ca/index-en.html#/species?sortBy=commonNameSort&sortDirection=asc&pageSize=10&keywords=yucca%20moth,NA,2013,0,1,0,Arthropods,32,12,2.5,1,0,1,Endangered,AB,5/1/13,1/12/05,NA,B1ab(iii),2ab(iii),NA,NA,NA,NA,NA,NA,NA,NA,NA,NA,NA,NA,NA,NA,NA,NA,NA,NA,NA,NA,NA,NA,NA,NA,NA,NA,NA,NA,NA,NA,NA,NA,NA,NA,NA,NA,NA,NA,NA,NA,NA,NA,NA,NA,NA,NA,NA,NA,NA,NA,NA,NA,NA,NA,NA,Y,N,THR,NA,NA
Lucas,,821,485,mormon metalmark prairie population,Apodemia mormo,COSEWIC Status Reports,Special Concern,COSEWIC. 2014. COSEWIC assessment and status report on the Mormon Metalmark Apodemia mormo in Canada. Committee on the Status of Endangered Wildlife in Canada. Ottawa. xiv + 61 pp.,https://species-registry.canada.ca/index-en.html#/species?sortBy=commonNameSort&sortDirection=asc&pageSize=10&keywords=mormon%20metalmark%20prairie%20population,1/6/15,2014,0,1,0,Arthropods,1891,376,10,1,0,1,Special Concern,SK,5/1/14,1/12/05,Downlist,NA,NA,NA,NA,NA,Jolley-Seber abundance model using MARK software,abundance,POP,Y,CI,flag,flag,flag,see flag at end,NA,NA,N,"model was relevant to criteria A and C as it estimates number of mature individuals, but rates of decline were unknown so the model ended up not being useful",NA,NA,NA,NA,NA,NA,NA,NA,NA,NA,NA,NA,NA,NA,NA,NA,NA,NA,NA,NA,NA,NA,NA,NA,NA,NA,NA,NA,NA,NA,NA,NA,NA,NA,NA,NA,NA,NA,NA,NA,NA,NA,"three flags- one for degree of uncertainty (see note in that cell) also for reference- the data comes from Wick 2013, but I believe the model used was done for the report itself- the outputs they report are not found in the wick reference. Model was also relevant for criteria A and C but ended up not being used because declines unknowne",resolved-SC-ignore
Hossam,,,,cobblestone tiger beetle,Cicindela marginipennis,COSEWIC Status Reports,Endangered,COSEWIC. 2021. COSEWIC assessment and status report on the Cobblestone Tiger Beetle Cicindela marginipennis in Canada. Committee on the Status of Endangered Wildlife in Canada. Ottawa. xiii + 50 pp.,https://species-registry.canada.ca/index-en.html#/species?sortBy=commonNameSort&sortDirection=asc&pageSize=10&keywords=Cobblestone%20Tiger%20Beetle,1/24/22,2021,0,1,0,Arthropods,,,,,,,Special Concern,,,,,NA,NA,NA,NA,NA,NA,NA,NA,NA,NA,NA,NA,NA,NA,NA,NA,NA,NA,NA,NA,NA,NA,NA,NA,NA,NA,NA,NA,NA,NA,NA,NA,NA,NA,NA,NA,NA,NA,NA,NA,NA,NA,NA,NA,NA,NA,NA,NA,NA,NA,NA,NA,NA,NA,NA,NA,NA,Y,N,DIS,NA,NA
Lucas,Hossam,,,rusty-patched bumble bee,Bombus affinis,COSEWIC Status Reports,Endangered,COSEWIC. 2022. COSEWIC assessment and status report on the Rusty-patched Bumble Bee Bombus affinis in Canada. Committee on the Status of Endangered Wildlife in Canada. Ottawa. xii + 56 pp.,https://species-registry.canada.ca/index-en.html#/species?sortBy=commonNameSort&sortDirection=asc&pageSize=10&keywords=bombus%20affinis,10/18/23,2022,0,1,0,Arthropods,,,,,,,Endangered,,,,,B2ab(iii),C2a(i),D1,NA,NA,NA,NA,NA,NA,NA,NA,NA,NA,NA,NA,NA,NA,NA,NA,NA,NA,NA,NA,NA,NA,NA,NA,NA,NA,NA,NA,NA,NA,NA,NA,NA,NA,NA,NA,NA,NA,NA,NA,NA,NA,NA,NA,NA,NA,NA,NA,NA,NA,NA,NA,NA,NA,NA,NA,NA,NA,NA
Aaliyah,,,,american burying beetle,Nicrophorus americanus,COSEWIC Status Reports,Extirpated,COSEWIC. 2022. COSEWIC Rapid Review of Classification on the American Burying Beetle Nicrophorus americanus in Canada. Committee on the Status of Endangered Wildlife in Canada. Ottawa. xiii pp.,https://species-registry.canada.ca/index-en.html#/species?sortBy=commonNameSort&sortDirection=asc&pageSize=10&keywords=American%20burying%20beetle,10/18/23,2022,1,1,0,Arthropods,,,,,,,Extirpated,,,,,NA,NA,NA,NA,NA,NA,NA,NA,NA,NA,NA,NA,NA,NA,NA,NA,NA,NA,NA,NA,NA,NA,NA,NA,NA,NA,NA,NA,NA,NA,NA,NA,NA,NA,NA,NA,NA,NA,NA,NA,NA,NA,NA,NA,NA,NA,NA,NA,NA,NA,NA,NA,NA,NA,NA,NA,NA,N,NA,NA,NA,NA
Lucas,,,,skillet clubtail,Gomphurus ventricosus,COSEWIC Status Reports,Endangered,COSEWIC. 2022. COSEWIC assessment and status report on the Skillet Clubtail Gomphurus ventricosus in Canada. Committee on the Status of Endangered Wildlife in Canada. Ottawa. xi + 47 pp.,https://species-registry.canada.ca/index-en.html#/species?sortBy=commonNameSort&sortDirection=asc&pageSize=10&keywords=skillet%20clubtail,3/31/23,2022,0,1,0,Arthropods,,,,,,,Special Concern,,,,,NA,NA,NA,NA,NA,NA,NA,NA,NA,NA,NA,NA,NA,NA,NA,NA,NA,NA,NA,NA,NA,NA,NA,NA,NA,NA,NA,NA,NA,NA,NA,NA,NA,NA,NA,NA,NA,NA,NA,NA,NA,NA,NA,NA,NA,NA,NA,NA,NA,NA,NA,NA,NA,NA,NA,NA,NA,NA,NA,NA,NA,NA
Aaliyah,Hossam,35,1018,black swift,Cypseloides niger,COSEWIC Status Reports,Endangered,COSEWIC. 2015. COSEWIC assessment and status report on the Black Swift Cypseloides niger in Canada. Committee on the Status of Endangered Wildlife in Canada. Ottawa. x + 50 pp,https://species-registry.canada.ca/index-en.html#/species?sortBy=commonNameSort&sortDirection=asc&pageSize=10&keywords=black%20swift,12/7/15,2015,0,1,0,Birds,"718,238 km2",3372 km2,>10,0,0,1,Endangered,BC AB,5/1/15,5/22/19,List,A2b,NA,NA,NA,NA,NA,NA,NA,NA,NA,NA,NA,NA,NA,NA,NA,NA,NA,NA,NA,NA,NA,NA,NA,NA,NA,NA,NA,NA,NA,NA,NA,NA,NA,NA,NA,NA,NA,NA,NA,NA,NA,NA,NA,NA,NA,NA,NA,NA,NA,NA,NA,NA,NA,NA,NA,NA,Y,N,THR,NA,NA
Lucas/Hossam,Jayme,68,105,chestnut-collared longspur,Calcarius ornatus,COSEWIC Status Reports,Threatened,COSEWIC. 2019. COSEWIC assessment and status report on the Chestnut-collared Longspur Calcarius ornatus in Canada. Committee on the Status of Endangered Wildlife in Canada. Ottawa. xi + 46 pp.,https://species-registry.canada.ca/index-en.html#/species?sortBy=commonNameSort&sortDirection=asc&pageSize=10&keywords=chestnut%20-%20collared%20longspur,10/26/20,2019,0,1,0,Birds,"365,621 km2","> 2,000 km2",> 10,1,0,1,Endangered,AB SK MB,11/1/19,6/20/12,NA,A2bc+4bc,NA,NA,NA,NA,"they do not specify the model- population trend analysis- ""The short-term trend (2007-2017) in Canada is similarly steep, at an average of -7.3% per year (95% CL -10.5% to -4.6%; n = 84 routes), and a cumulative total of -53% (95% CL -67% to -37%; Smith et al. 2019).",abundance,POP,Y,CI,MED,"Smith, A.C., M-A.R. Hudson, V. Aponte, and C.M. Francis. 2019. North American Breeding Bird Survey – Canadian Trends Website, Data-version 2017. Environment and Climate Change Canada, Gatineau, Québec",OTH,seems to be a webpage they are referencing,Y,A,Y,"""Meets Endangered, A2bc+4bc. Observed 53% decline in number of mature individuals over the past ten years, based on Canadian Breeding Bird Survey data. Projected ongoing decline of >50% over ten years spanning past and future, based on past trends and further declines anticipated from a high to very high overall threat impact, influenced primarily by substantial ongoing habitat loss""",NA,NA,NA,NA,NA,NA,NA,NA,NA,NA,NA,NA,NA,NA,NA,NA,NA,NA,NA,NA,NA,NA,NA,NA,NA,NA,NA,NA,NA,NA,NA,NA,NA,NA,NA,NA,NA,NA,NA,Y,Y,"OTH,POP,THR",NA,NA
Hossam,,76,506,common nighthawk,Chordeiles minor,COSEWIC Status Reports,Threatened,COSEWIC. 2018. COSEWIC assessment and status report on the Common Nighthawk (Chordeiles minor) in Canada. Committee on the Status of Endangered Wildlife in Canada. Ottawa. xi + 50 pp.,https://species-registry.canada.ca/index-en.html#/species?sortBy=commonNameSort&sortDirection=asc&pageSize=10&keywords=common%20nighthawk,2/12/19,2018,0,1,0,Birds,"8,971,820 km2",">> 2,000 km2",>10,0,0,1,Special Concern,YT NT NU BC AB SK MB ON QC NB PE NS NL,4/1/18,2/23/10,NA,exclude,exclude,exclude,exclude,exclude,exclude,exclude,exclude,exclude,exclude,exclude,exclude,exclude,exclude,exclude,exclude,exclude,exclude,exclude,exclude,exclude,exclude,exclude,exclude,exclude,exclude,exclude,exclude,exclude,exclude,exclude,exclude,exclude,exclude,exclude,exclude,exclude,exclude,exclude,exclude,exclude,exclude,exclude,exclude,exclude,exclude,exclude,exclude,exclude,exclude,exclude,exclude,exclude,exclude,exclude,exclude,exclude,exclude,exclude,exclude,exclude,NA
Caitlin,,210,146,olive-sided flycatcher,Contopus cooperi,COSEWIC Status Reports,Threatened,COSEWIC. 2018. COSEWIC assessment and status report on the Olive-sided Flycatcher Contopus cooperi in Canada. Committee on the Status of Endangered Wildlife in Canada. Ottawa. ix + 52 pp.,https://species-registry.canada.ca/index-en.html#/species?sortBy=commonNameSort&sortDirection=asc&pageSize=10&keywords=olive%20-%20sided%20flycatcher,2/26/19,2018,0,1,0,Birds,5.18 million km2,"920,000 km2",>>10,0,0,1,Special Concern,YT NT NU BC AB SK MB ON QC NB PE NS NL,4/1/18,2/23/10,NA,NA,NA,NA,NA,NA,"Population density model 
 “Species distribution modeling is a common modern method for predicting suitable habitat and population densities, and has been used for the olive-sided flycatcher.”",distributional,POP,N,NRP,NRP,"Haché, S., P. Sólymos, E.M. Bayne, T. Fontaine, S.G. Cumming, F. Schmiegelow, and D. Stralberg. 2014. Analyses to support critical habitat identification for Canada Warbler, Olive-sided Flycatcher, and Common Nighthawk, Final Report. Boreal Avian Modelling Project, Edmonton, Alberta. 157 pp.",GL,NA,Y,"A, B",Y,"Model used in decision not to list, under criteria A and B ""...Canadian population estimate of 9.2 million"" which ""exceeds threshold"" population size and EOO",NA,NA,NA,NA,NA,NA,NA,NA,NA,NA,NA,NA,NA,NA,NA,NA,NA,NA,NA,NA,NA,NA,NA,NA,NA,NA,NA,NA,NA,NA,NA,NA,NA,NA,NA,NA,NA,NA,NA,Y,Y,"HAB, POP","(1) since there's no alpha numeric code here, just want to be sure I'm using the ""was model used in listing decision"" column correctly (2) The SDM is the only model explicitly mentioned, but there are 2 other pop estimates from ECCC and PIF. It just doesn't say how they got those estimates. Is it okay to leave that out?",resolved-SC-ignore
Lucas,Jayme,255,339,red-headed woodpecker,Melanerpes erythrocephalus,COSEWIC Status Reports,Threatened,COSEWIC. 2018. COSEWIC assessment and status report on the Red-headed Woodpecker Melanerpes erythrocephalus in Canada. Committee on the Status of Endangered Wildlife in Canada. Ottawa. xii + 60 pp.,https://species-registry.canada.ca/index-en.html#/species?sortBy=commonNameSort&sortDirection=asc&pageSize=10&keywords=red%20-%20headed%20woodpecker,3/14/19,2018,0,1,0,Birds,1.5 million km2,">2,000 km2",>10,1,0,1,Endangered,SK MB ON QC,4/1/18,3/5/09,NA,C1,NA,NA,NA,NA,"Bayesian hierarchical model of Breeding Bird Survey data- rate of population change in1-year, 5-year and 10-year intervals. Relevant info for criteria/listing: ""Over the most recent three-generation period (2004-2016), the trend for Canada is -1.44% per year (95% CI: -6.19, 3.50). However, the wide confidence interval highlights the substantial variability from year to year, and the average annual rate of decline over the past three generations has remained close to the long-term estimate, which corresponds to a decline of 20% over three generations (12 years)""",abundance,POP,Y,CI,HIGH,NRP,NEW,"""Recently a Bayesian hierarchical modelling approach has been adopted for the analysis of BBS trends, providing a better representation of population change patterns over time than previous analytical methods (Sauer and Link 2011). The Red-headed Woodpecker BBS trends reported in this status report are based on the results of this approach."" and no references provided when talking about model outputs",Y,C,Y,"from applicability of Criteria: ""Meets criteria for Threatened, C1, as there are fewer than 10,000 individuals, and there is an estimated decline of 20% over the past three generations""",NA,NA,NA,NA,NA,NA,NA,NA,NA,NA,NA,NA,NA,NA,NA,NA,NA,NA,NA,NA,NA,NA,NA,NA,NA,NA,NA,NA,NA,NA,NA,NA,NA,NA,NA,NA,NA,NA,NA,Y,Y,"HAB, OTH, THR","flag- species listed as EN but didnt meet any EN criteria- met C1 for threatened, also other flags",resolved-criteria discrepancy
Aaliyah,,257,1022,red-necked phalarope,Phalaropus lobatus,COSEWIC Status Reports,Special Concern,COSEWIC. 2014. COSEWIC assessment and status report on the Red-necked Phalarope Phalaropus lobatus in Canada. Committee on the Status of Endangered Wildlife in Canada. Ottawa. x + 52 pp.,https://species-registry.canada.ca/index-en.html#/species?sortBy=commonNameSort&sortDirection=asc&pageSize=10&keywords=red%20-%20necked%20phalarope,12/9/15,2014,0,1,0,Birds,8 695 459 km2,> 2 000 km2,>10,0,0,1,Special Concern,YT NT NU BC AB SK MB ON QC NB PE NS NL Pacific_Ocean Arctic_Ocean Atlantic_Ocean,11/1/14,5/22/19,List,NA,NA,NA,NA,NA,NA,NA,NA,NA,NA,NA,NA,NA,NA,NA,NA,NA,NA,NA,NA,NA,NA,NA,NA,NA,NA,NA,NA,NA,NA,NA,NA,NA,NA,NA,NA,NA,NA,NA,NA,NA,NA,NA,NA,NA,NA,NA,NA,NA,NA,NA,NA,NA,NA,NA,NA,NA,Y,N,HAB,NA,NA
Hossam,Jayme,366,253,williamson's sapsucker,Sphyrapicus thyroideus,COSEWIC Status Reports,Endangered,COSEWIC. 2017. COSEWIC assessment and status report on the Williamson¬ís Sapsucker Sphyrapicus thyroideus in Canada. Committee on the Status of Endangered Wildlife in Canada. Ottawa. xii + 53 pp.,https://species-registry.canada.ca/index-en.html#/species?sortBy=commonNameSort&sortDirection=asc&pageSize=10&keywords=williamson%27s%20sapsucker,10/15/18,2017,0,1,0,Birds,"69,187 km2",1672 km2,>100,1,0,1,Endangered,BC,11/1/17,8/15/06,NA,C2a(ii),NA,NA,NA,NA,NA,NA,NA,NA,NA,NA,NA,NA,NA,NA,NA,NA,NA,NA,NA,NA,NA,NA,NA,NA,NA,NA,NA,NA,NA,NA,NA,NA,NA,NA,NA,NA,NA,NA,NA,NA,NA,NA,NA,NA,NA,NA,NA,NA,NA,NA,NA,NA,NA,NA,NA,NA,Y,Y,"HAB, THR, OTH",NA,NA
Caitlin/Aaliyah,Jayme,868,33,barn swallow,Hirundo rustica,COSEWIC Status Reports,Threatened,COSEWIC. 2011. COSEWIC assessment and status report on the Barn Swallow Hirundo rustica in Canada. Committee on the Status of Endangered Wildlife in Canada. Ottawa. ix + 37 pp.,https://species-registry.canada.ca/index-en.html#/species?sortBy=commonNameSort&sortDirection=asc&pageSize=10&keywords=barn%20swallow,9/9/11,2011,0,1,0,Birds,7300000,NR,NR,0,0,1,Threatened,YT NT BC AB SK MB ON QC NB PE NS NL,5/1/11,11/2/17,List,A2b,NA,NA,NA,NA,population model from North American Breeding Bird Survey showing 30% decline during recent 10year period,abundance,POP,Y,CI,MED,"Environment Canada, 2010. North American Breeding Bird Survey - Canadian Results and Analysis Website version 3.00. Environment Canada, Gatineau, Quebec, K1A 0H3.",GL,Government report,Y,A,Y,"Meets A, bc population decline is at threshold level of 30% for most recent time period [from table",NA,NA,NA,NA,NA,NA,NA,NA,NA,NA,NA,NA,NA,NA,NA,NA,NA,NA,NA,NA,NA,NA,NA,NA,NA,NA,NA,NA,NA,NA,NA,NA,NA,NA,NA,NA,NA,NA,NA,Y,Y,POP,NA,NA
Caitlin/Lucas,Jayme,597,75,short-tailed albatross,Phoebastria albatrus,COSEWIC Status Reports,Threatened,COSEWIC. 2013. COSEWIC assessment and status report on the Short-tailed Albatross Phoebastria albatrus in Canada. Committee on the Status of Endangered Wildlife in Canada. Ottawa. xii + 55 pp.,https://species-registry.canada.ca/index-en.html#/species?sortBy=commonNameSort&sortDirection=asc&pageSize=10&keywords=short%20-%20tailed%20albatross,10/15/14,2013,0,1,0,Birds,423260,423260,4,0,0,1,Threatened,BC Pacific_Ocean,11/1/13,7/14/05,NA,D2,NA,NA,NA,NA,PVA/demographic analyses looking at survival rates and contributors to decline,demographic,"POP, THR, BIO",N,NRP,NRP,"Finkelstein, M., S. Wolf, M. Goldman, P. Sievert, G. Balogh, H. Hasegawa, and D.F. Doak. 2010. The anatomy of a disaster: Volcanoes, behavior and life history of the short-tailed albatross (Phoebastria albatrus). Biological Conservation:143:321– 331.",PR,NA,Y,E,N,"Listing decision (D) made because of restricted IAO, which is not based on a model",Determinisitc population model measuring number of mature adults and,abundance,POP,N,NRP,NRP,"USFWS. 2012. Biological Opinion regarding the Effects of the Continued Operation of the Pacific Coast Groundfish Fishery as Governed by the Pacific Coast Groundfish Fishery Management Plan and Implementing regulations at 50 CFR Part 660 by the National Marine Fisheries Service on California Least Tern, Southern Sea Otter, Bull Trout, Marbled Murrelet, and Short-tailed Albatross (FWS reference number 01EOFW00-2012-F-0086). U.S. Fish and Wildlife Service, Oregon Fish and Wildlife Office, Portland, OR. URL: http://www.alaskafisheries.noaa.gov/protectedresources/seabirds/esa/pcgf_biop11 12.pdf [Accessed April 2013]",GL,NA,Y,C,N,"Model estimated number of mature individuals, not realted to IAO which was what was used for D/listing decision",NA,NA,NA,NA,NA,NA,NA,NA,NA,NA,NA,NA,NA,NA,NA,NA,NA,NA,NA,NA,NA,NA,NA,NA,NA,NA,Y,Y,"HAB, POP, THR",NA,NA
Caitlin,,912,108,band-tailed pigeon,Patagioenas fasciata,COSEWIC Status Reports,Special Concern,NA,https://species-registry.canada.ca/index-en.html#/species?sortBy=commonNameSort&sortDirection=asc&pageSize=10&keywords=band%20-%20tailed%20pigeon,NA,2008,0,1,0,Birds,95000,47000,NR,1,0,1,Special Concern,BC,11/1/08,2/4/11,List,NA,NA,NA,NA,NA,population model:The annual population trend over the last 3 generations from 1988 to 2006 was -11.2%... suggesting a total decline of 88% over that period.,abundance,POP,N,NRP,NRP,"C. Downes, pers. comm",UNP,NA,,A,N,"Species was not listed under EN or TH, but model does inform trend data mentioned under criteria A in applicability table (""Trend data have a low precision"")",A recent analysis of continental CBC data generated an annual population trend of -0.31% over the last 40 years for USA and Canada combined,abundance,POP,N,NRP,NRP,"Butcher, G.S., and D.K. Niven. 2007. Combining data from the Christmas Bird Count and the Breeding Bird Survey to determine the continental status and trends of North America birds. National Audubon Society, New York NY. http://www.audubon.org/bird/stateofthebirds/CBID/report.php.",GL,Report from National Audubon Society,,A,N,"Species was not listed under EN or TH, but model does inform trend data mentioned under criteria A in applicability table (""Trend data have a low precision"")","Range-wide (including BC) trend estimates for 2001-2005, based on mineral site surveys, indicated Band-tailed Pigeons increased approximately 11.5%/year, which was up from the 2001-2004 trend of 9.8%/year",abundance,POP,N,NRP,NRP,"Drut, M.S., R.E. Trost and C.T. Overton. 2006. Status of Pacific Coast Band-tailed Pigeons. US Fish and Wildlife Service unpublished report, Portland, OR.",GL,USFWS unpublished report,,A,N,"Species was not listed under EN or TH, but model does inform trend data mentioned under criteria A in applicability table (""Trend data have a low precision"")",NA,NA,NA,NA,NA,NA,NA,NA,NA,NA,NA,NA,NA,N,NA,NA,NA,NA
Hossam/Lucas,Jayme,549,114,red crossbill percna subspecies,Loxia curvirostra percna,COSEWIC Status Reports,Endangered,COSEWIC. 2016. COSEWIC assessment and status report on the Red Crossbill percna subspecies Loxia curvirostra percna in Canada. Committee on the Status of Endangered Wildlife in Canada. Ottawa. xiii + 62 pp.,https://species-registry.canada.ca/index-en.html#/species?sortBy=commonNameSort&sortDirection=asc&pageSize=10&keywords=red%20crossbill%20percna%20subspecies,12/29/16,2016,0,1,0,Birds,261500,NR,NR,1,1,0,Threatened,QC NL,4/1/16,7/14/05,Downlist,C2a(ii),NA,NA,NA,NA,Bayesian log-linear heirarchical model used to control for variation in survey effort,abundance,POP,Y,CI,HIGH,"Link et al., 2006",PR,NA,Y,A,N,Output not mentioned under any critera,"hierarchical models were built with year, stratum, and observer-route combinations as predictor variables using Bayesian inference",abundance,POP,Y,CI,HIGH,Link and Sauer 2011,PR,NA,Y,NA,N,model output not mentioned under any criteria,CBC Model 1- 1966-2013: Analyses of the numbers of Red Crossbills (vocal type and morphological form unknown) detected per party hour over the time period1967-2013 have been conducted by the National Audubon Society. A Bayesian log-linear hierarchical model was used to control for variation in survey effort among CBC circles (n = 12) and the non-random distribution of circle locations (Link et al. 2006).,abundance,POP,Y,CI,HIGH,Link et al. 2006,PR,article in journal,Y,A,N,"similar to previous, outputs mentioned, but model dismissed because of reliability: ""Results of the CBC data models presented above should be interpreted with caution""","CBC Model 2- 2004-2013: Similar analyses were conducted for the most recent decade of data (2004-2013); model results indicate a point estimate of 0.0% change (95% CI: -5.1%, 9.0%), but with insufficient sample size to estimate trends precisely (C. Soykan pers. comm. 2015).",abundance,POP,Y,CI,HIGH,UNP,C. Soykan pers. comm. 2015,personal comm,Y,A,N,same as previous,N,NA,NA,NA,NA
Aaliyah/Caitlin,Jayme,752,147,canada warbler,Cardellina canadensis,COSEWIC Status Reports,Threatened,COSEWIC. 2008. COSEWIC assessment and status report on the Canada Warbler Wilsonia Canadensis in Canada. Committee on the Status of Endangered Wildlife in Canada. Ottawa. vi + 35 pp.,https://species-registry.canada.ca/index-en.html#/species?sortBy=commonNameSort&sortDirection=asc&pageSize=10&keywords=canada%20warbler,8/28/08,2008,0,1,0,Birds,2200000,27000,NR,0,0,1,Threatened,YT NT BC AB SK MB ON QC NB PE NS,4/1/08,2/23/10,List,A2b,NA,NA,NA,NA,BBS survey model,abundance,POP,N,NRP,NRP,Downes and Collins in prep.,GL,Canadian bird trends website,Y,A,Y,"BBS model estimate mentioned in technical summary, related to abundance declines, species was listed under A",NA,NA,NA,NA,NA,NA,NA,NA,NA,NA,NA,NA,NA,NA,NA,NA,NA,NA,NA,NA,NA,NA,NA,NA,NA,NA,NA,NA,NA,NA,NA,NA,NA,NA,NA,NA,NA,NA,NA,Y,Y,POP,NA,NA
Lucas,Hossam,564,170,streaked horned lark,Eremophila alpestris strigata,COSEWIC Status Reports,Endangered,COSEWIC 2003. COSEWIC assessment and update status report on the Horned Lark strigata subspecies Eremophila alpestris strigata in Canada. Committee on the Status of Endangered Wildlife in Canada. Ottawa. vi + 23 pp.,https://species-registry.canada.ca/index-en.html#/species?sortBy=commonNameSort&sortDirection=asc&pageSize=10&keywords=streaked%20horned%20lark,11/1/03,2003,0,1,0,Birds,10,1,10,0,0,1,Endangered,BC,11/1/03,7/14/05,NA,B1ab(i-v)+2ab(i-v),C2a(i),D1,NA,NA,NA,NA,NA,NA,NA,NA,NA,NA,NA,NA,NA,NA,NA,NA,NA,NA,NA,NA,NA,NA,NA,NA,NA,NA,NA,NA,NA,NA,NA,NA,NA,NA,NA,NA,NA,NA,NA,NA,NA,NA,NA,NA,NA,NA,NA,NA,NA,NA,NA,NA,NA,NA,N,N,NA,NA,NA
Caitlin,Jayme,995,176,yellow-breasted chat virens subspecies,Icteria virens virens,COSEWIC Status Reports,Endangered,NA,https://species-registry.canada.ca/index-en.html#/species?sortBy=commonNameSort&sortDirection=asc&pageSize=10&keywords=yellow%20-%20breasted%20chat%20virens%20subspecies,NA,2011,0,1,0,Birds,42300,200,10,0,0,1,Endangered,ON,11/1/11,6/5/03,Uplist,"C2a(i,ii)",D1,NA,NA,NA,"population model: After adjusting for differences in survey effort, an overall decline of 55% over 20 years was calculated for Ontario (equivalent to -33% over 10 years), though the results were not statistically significant.",abundance,POP,N,NRP,NRP,P. Blancher pers. comm. 2011,UNP,NA,Y,A,N,"Species was not listed under A. Species was listed under C, which references observed continuing decline, but since this model is for the past ten years I didn't think it represented this ""continuing decline"" requirement",NA,NA,NA,NA,NA,NA,NA,NA,NA,NA,NA,NA,NA,NA,NA,NA,NA,NA,NA,NA,NA,NA,NA,NA,NA,NA,NA,NA,NA,NA,NA,NA,NA,NA,NA,NA,NA,NA,NA,Y,Y,"POP, HAB","There's a bunch of trend data in this one, and starting to doubt myself about whether or not they're models. I think they might not be?",resolved
Caitlin/Hossam,Jayme,713,182,least bittern,Ixobrychus exilis,COSEWIC Status Reports,Threatened,COSEWIC. 2009. COSEWIC assessment and update status report on the Least Bittern Ixobrychus exilis in Canada. Committee on the Status of Endangered Wildlife in Canada. Ottawa. vi + 36 pp.,https://species-registry.canada.ca/index-en.html#/species?sortBy=commonNameSort&sortDirection=asc&pageSize=10&keywords=least%20bittern,8/28/09,2009,0,1,0,Birds,1331000,NR,NR,0,0,1,Threatened,MB ON QC NB NS,4/1/09,6/5/03,NA,A2b,C1,NA,NA,NA,"Occupancy model:The Ontario breeding bird atlas project suggests a decline of 32% in the number of 10x10 km squares occupied over the past 20 years, roughly equivalent to a decline of 16% in squares occupied over the past 10 years",distributional,POP,N,NRP,NRP,"Cadman, M.D., D.A. Sutherland, G.G. Beck, D. Lepage, and A.R. Couturier (eds.). 2007. The Atlas of the Breeding Birds of Ontario. Bird Studies Canada, Environment Canada, Ontario Field Ornithologists, Ontario Ministry of Natural Resources, and Ontario Nature, Toronto, Ontario.",GL,"Atlas of breeding birds, not peer-reviewed",Y,A,Y,"From table under A: ""Meets Threatened A2b, with a reduction in population size of >30% in the last three generations, based upon appropriate indices of abundance.""","Poisson Regression Model: In comparison, Marsh Monitoring Program results for the Great Lakes Basin, from 1995 to 2006, show an average annual decline of 10% per year, with a 95% confidence interval of -13 to -8% (Figure 4; trend and confidence intervals based on Poisson regression, corrected for overdispersion)……equivalent to a decadal decline of 65%",abundance,POP,Y,CI,MED,T.L. Crewe pers. comm. 2008,UNP,NA,Y,A,Y,"Model referred to in technical summary, seemed to inform criteria A and species was listed underder A",NA,NA,NA,NA,NA,NA,NA,NA,NA,NA,NA,NA,NA,NA,NA,NA,NA,NA,NA,NA,NA,NA,NA,NA,NA,NA,Y,N,THR,NA,NA
Aaliyah,,1013,194,western grebe,Aechmophorus occidentalis,COSEWIC Status Reports,Special Concern,COSEWIC. 2014. COSEWIC assessment and status report on the Western Grebe Aechmophorus occidentalis in Canada. Committee on the Status of Endangered Wildlife in Canada. Ottawa. x + 55 pp.,https://species-registry.canada.ca/index-en.html#/species?sortBy=commonNameSort&sortDirection=asc&pageSize=10&keywords=western%20grebe,12/15/14,2014,0,1,0,Birds,83000,440,110,1,0,1,Special Concern,BC AB SK MB,5/1/14,11/2/17,List,NA,NA,NA,NA,NA,"Bayesian hierarchical model -The count data were modelled as hierarchical over-dispersed Poisson variables and the models were fit using Markov Chain Monte Carlo methods. Survey effort was included in the models, as well as a binary metric to account for whether a boat was used in a particular survey. continental numbers of wintering Aechmophorus grebes have undergone a statistically significant 52% decline from 1975 to 2010 and a significant 44% decline for the 3-generation period extending from 1995 to 2010. analysis was restricted to CBC circles where ≥10 grebes were detected and in which surveys occurred in ≥50% of the years between 1975 and 2010. The analysis included ~98% of all Aechmophorus grebe observations recorded during the CBC from 1975-2010",abundance,POP,Y,CI,HIGH,"Wilson, A. and P. Smith. 2013. Distribution and population status of Western Grebes in
Canada. Canadian Wildlife Service unpublished report, Saskatoon, SK. 41 pp.
Wilson, S., pers. comm. 2012. Email correspondence to R. Dickson. November 2012.
Population Assessment Unit, Canadian Wildlife Service, Environment Canada,
Saskatoon, SK.","UNP, UNP",unpublished report and personal communications,Y,A,N,"In table: Could meet Threatened A2b because the North American wintering population is
estimated to have declined by >30% over 3 generations. However, the current surveys of wintering birds
are not judged to accurately reflect the status of the Canadian breeding population.",NA,NA,NA,NA,NA,NA,NA,NA,NA,NA,NA,NA,NA,NA,NA,NA,NA,NA,NA,NA,NA,NA,NA,NA,NA,NA,NA,NA,NA,NA,NA,NA,NA,NA,NA,NA,NA,NA,NA,N,N,NA,flag - could've met Threatened A2b but only observing decline in wintering habitat not indicitive of whole range and population,resolved-criteria discrepancy
Hossam/Aaliyah,Jayme,590,204,greater sage-grouse urophasianus subspecies,Centrocerus urophasianus urophasianus,COSEWIC Status Reports,Endangered,"COSEWIC. 2008. COSEWIC assessment and update status report on the Greater Sage-Grouse Centrocercus urophasianus, Phaios subspecies and Urophasianus subspecies, Centrocercus urophasianus urophasianus, in Canada. Committee on the Status of Endangered Wildlife in Canada. Ottawa. vii + 38 pp.",https://species-registry.canada.ca/index-en.html#/species?sortBy=commonNameSort&sortDirection=asc&pageSize=10&keywords=greater%20sage%20-%20grouse%20urophasianus%20subspecies,8/28/08,2008,0,1,0,Birds,6000,1800,15,1,0,1,Endangered,AB SK,4/1/08,6/5/03,NA,A2b,C1,NA,NA,NA,landscape-level occurrence model,distributional ,DIS,N,NRP,NRP,Aldridge 2005; Aldridge and Boyce 2007,"GL, PR",2005 reference is dissertation,Y,B,N,"Species not listed under criteria B. ""Landscape level modelling has shown that good quality “source” habitat for nesting and brood-rearing is limited"" Under Criteria B: ""Has small distribution, but is not severely fragmented""",NA,NA,NA,NA,NA,NA,NA,NA,NA,NA,NA,NA,NA,NA,NA,NA,NA,NA,NA,NA,NA,NA,NA,NA,NA,NA,NA,NA,NA,NA,NA,NA,NA,NA,NA,NA,NA,NA,NA,N,N,NA,NA,NA
Caitlin,Hossam,871,211,western screech-owl kennicottii subspecies,Megascops kennicottii kennicottii,COSEWIC Status Reports,Threatened,COSEWIC. 2012. COSEWIC assessment and status report on the Western Screech-Owl kennicottii subspecies Megascops kennicottii kennicottii and the Western Screech-Owl macfarlanei subspecies Megascops kennicottii macfarlanei in Canada. Committee on the Status of Endangered Wildlife in Canada. Ottawa. xii + 30 pp.,https://species-registry.canada.ca/index-en.html#/species?sortBy=commonNameSort&sortDirection=asc&pageSize=10&keywords=western%20screech%20-%20owl%20kennicottii%20subspecies,1/3/13,2012,0,1,0,Birds,150000,4000,NR,1,0,1,Threatened,BC,5/1/12,1/12/05,Uplist,C1,NA,NA,NA,NA,NA,NA,NA,NA,NA,NA,NA,NA,NA,NA,NA,NA,NA,NA,NA,NA,NA,NA,NA,NA,NA,NA,NA,NA,NA,NA,NA,NA,NA,NA,NA,NA,NA,NA,NA,NA,NA,NA,NA,NA,NA,NA,NA,NA,NA,NA,NA,NA,NA,NA,NA,NA,Y,Y,"HAB, POP",NA,NA
Hossam,Jayme,869,212,western screech-owl macfarlanei subspecies,Megascops kennicottii macfarlanei,COSEWIC Status Reports,Threatened,COSEWIC. 2012. COSEWIC assessment and status report on the Western Screech-Owl kennicottii subspecies Megascops kennicottii kennicottii and the Western Screech-Owl macfarlanei subspecies Megascops kennicottii macfarlanei in Canada. Committee on the Status of Endangered Wildlife in Canada. Ottawa. xii + 30 pp.,https://species-registry.canada.ca/index-en.html#/species?sortBy=commonNameSort&sortDirection=asc&pageSize=10&keywords=western%20screech%20-%20owl%20macfarlanei%20subspecies,1/3/13,2012,0,1,0,Birds,50000,616,NR,1,0,1,Threatened,BC,5/1/12,1/12/05,Downlist,D1,NA,NA,NA,NA,NA,NA,NA,NA,NA,NA,NA,NA,NA,NA,NA,NA,NA,NA,NA,NA,NA,NA,NA,NA,NA,NA,NA,NA,NA,NA,NA,NA,NA,NA,NA,NA,NA,NA,NA,NA,NA,NA,NA,NA,NA,NA,NA,NA,NA,NA,NA,NA,NA,NA,NA,NA,N,NA,NA,NA,NA
Aaliyah,Hossam,563,252,coastal vesper sparrow,Pooecetes gramineus affinis,COSEWIC Status Reports,Endangered,COSEWIC 2006. COSEWIC assessment and status report on the Vesper Sparrow affinis subspecies Pooecetes gramineus affinis in Canada. Committee on the Status of Endangered Wildlife in Canada. Ottawa. vi + 22 pp.,https://species-registry.canada.ca/index-en.html#/species?sortBy=commonNameSort&sortDirection=asc&pageSize=10&keywords=coastal%20vesper%20sparrow,8/29/06,2006,0,1,0,Birds,2000,1,1.00E+00,1,0,1,Endangered,BC,4/1/06,12/13/07,NA,"B1ab(i, ii, iii) +2ab(i, ii, iii)","C2a(i, ii)",D1,NA,NA,NA,NA,NA,NA,NA,NA,NA,NA,NA,NA,NA,NA,NA,NA,NA,NA,NA,NA,NA,NA,NA,NA,NA,NA,NA,NA,NA,NA,NA,NA,NA,NA,NA,NA,NA,NA,NA,NA,NA,NA,NA,NA,NA,NA,NA,NA,NA,NA,NA,NA,NA,NA,N,N,NA,NA,NA
Lucas,,948,335,flammulated owl,Otus flammeolus,COSEWIC Status Reports,Special Concern,COSEWIC. 2010. COSEWICassessment and status report on the Flammulated Owl Otus flammeolus in Canada. Committee on the Status of Endangered Wildlife in Canada. Ottawa. x + 23 pp.,https://species-registry.canada.ca/index-en.html#/species?sortBy=commonNameSort&sortDirection=asc&pageSize=10&keywords=flammulated%20owl,9/3/10,2010,0,1,0,Birds,113000,1620,NR,1,0,1,Special Concern,BC,4/1/10,6/5/03,NA,NA,NA,NA,NA,NA,NA,NA,NA,NA,NA,NA,NA,NA,NA,NA,NA,NA,NA,NA,NA,NA,NA,NA,NA,NA,NA,NA,NA,NA,NA,NA,NA,NA,NA,NA,NA,NA,NA,NA,NA,NA,NA,NA,NA,NA,NA,NA,NA,NA,NA,NA,NA,NA,NA,NA,NA,NA,Y,N,HAB,"flag- they briefly mention a climate model that predicts longer hotter summers, and from this they infer habitat loss as a result of increased forest fires- they do bring this up in the technical summary, but provide no details on the model and a quick search shows that the climate model is general and not for this owl species speficially, the issue here is that this model ",resolved-SC-ignore
Caitlin,,911,336,great blue heron fannini subspecies,Ardea herodias fannini,COSEWIC Status Reports,Special Concern,NA,https://species-registry.canada.ca/index-en.html#/species?sortBy=commonNameSort&sortDirection=asc&pageSize=10&keywords=great%20blue%20heron%20fannini%20subspecies,NA,2008,0,1,0,Birds,244000,188000,49,1,0,1,Special Concern,BC,4/1/08,2/23/10,List,NA,NA,NA,NA,NA,"regression? Since 1988/89, the relationship between the mean number of herons observed per party hour and year shows a significant 26% decline (t = -3.18; P < 0.01; n = 19; r2 = 0.34).",abundance,POP,N,NRP,NRP,NRP,NEW,Authors of report discuss making this model,Y,C,N,"Species not listed, but C refers to CBC count in the table",NA,NA,NA,NA,NA,NA,NA,NA,NA,NA,NA,NA,NA,NA,NA,NA,NA,NA,NA,NA,NA,NA,NA,NA,NA,NA,NA,NA,NA,NA,NA,NA,NA,NA,NA,NA,NA,NA,NA,Y,Y,POP,NA,NA
Aaliyah/Caitlin,Jayme,788,338,lewis's woodpecker,Melanerpes lewis,COSEWIC Status Reports,Threatened,COSEWIC. 2010. COSEWIC assessment and status report on the Lewis's Woodpecker Melanerpes lewis in Canada. Committee on the Status of Endangered Wildlife in Canada. Ottawa. x + 23 pp.,https://species-registry.canada.ca/index-en.html#/species?sortBy=commonNameSort&sortDirection=asc&pageSize=10&keywords=lewis%27s%20woodpecker,9/3/10,2010,0,1,0,Birds,86000,1250,NR,1,0,1,Threatened,BC,4/1/10,6/5/03,Uplist,C2a(i),D1,NA,NA,NA,"Data from Breeding Bird Surveys between 1966 and 2007 show a non-significant decline in the global (Canada and the USA) population of Lewis’s Woodpecker of 1.21% per year (n = 91 routes, P = 0.60; Sauer et al. 2008). Data for the most recent 10-year period (1997-2007) indicate a significant decline in the global population of 5.46% per year (n = 47 routes, P = 0.036; Sauer et al. 2008). At this rate of decline the global population will have decreased by 43% over the last 10 years or approximately three generations.",abundance,POP,N,NRP,NRP,"Sauer, J. R., J. E. Hines, and J. Fallon. 2008. The North American Breeding Bird Survey, Results and Analysis 1966 - 2007. Version 5.15.2008. USGS Patuxent Wildlife Research Center, Laurel, MD.",GL,government document,Y,C,Y,relates to declining population in Canada,NA,NA,NA,NA,NA,NA,NA,NA,NA,NA,NA,NA,NA,NA,NA,NA,NA,NA,NA,NA,NA,NA,NA,NA,NA,NA,NA,NA,NA,NA,NA,NA,NA,NA,NA,NA,NA,NA,NA,N,N,NA,NA,NA
Aaliyah,Hossam,700,351,white-headed woodpecker,Picoides albolarvatus,COSEWIC Status Reports,Endangered,COSEWIC. 2010. COSEWIC assessment and status report on the White-headed Woodpecker. viii + 21 pp,https://species-registry.canada.ca/index-en.html#/species?sortBy=commonNameSort&sortDirection=asc&pageSize=10&keywords=white%20-%20headed%20woodpecker,9/9/11,2010,0,1,0,Birds,1500,20,1,1,0,1,Endangered,BC,11/1/10,6/5/03,NA,"B1ab(ii,iii)+2ab(ii,iii)","C2a(i,ii)",D1,NA,NA,NA,NA,NA,NA,NA,NA,NA,NA,NA,NA,NA,NA,NA,NA,NA,NA,NA,NA,NA,NA,NA,NA,NA,NA,NA,NA,NA,NA,NA,NA,NA,NA,NA,NA,NA,NA,NA,NA,NA,NA,NA,NA,NA,NA,NA,NA,NA,NA,NA,NA,NA,NA,N,N,NA,NA,NA
Hossam,,1007,387,baird's sparrow,Ammodramus bairdii,COSEWIC Status Reports,Special Concern,COSEWIC. 2012. COSEWIC assessment and status report on the Baird¬ís Sparrow Ammodramus bairdii in Canada. Committee on the Status of Endangered Wildlife in Canada. Ottawa. x + 32 pp.,https://species-registry.canada.ca/index-en.html#/species?sortBy=commonNameSort&sortDirection=asc&pageSize=10&keywords=baird%27s%20sparrow,1/3/13,2012,0,1,0,Birds,410000,2000,NR,1,0,1,Special Concern,AB SK MB,5/1/12,2/3/17,List,NA,NA,NA,NA,NA,NA,NA,NA,NA,NA,NA,NA,NA,NA,NA,NA,NA,NA,NA,NA,NA,NA,NA,NA,NA,NA,NA,NA,NA,NA,NA,NA,NA,NA,NA,NA,NA,NA,NA,NA,NA,NA,NA,NA,NA,NA,NA,NA,NA,NA,NA,NA,NA,NA,NA,NA,NA,Y,N,THR,NA,NA
Lucas,,954,410,barrow's goldeneye eastern population,Bucephala islandica,COSEWIC Status Reports,Special Concern,"COSEWIC. 2000. COSEWIC assessment and status report on the Barrow¬ís Goldeneye Bucephala islandica, Eastern population, in Canada. Committee on the Status of Endangered Wildlife in Canada. Ottawa. vii + 65 pp.",https://species-registry.canada.ca/index-en.html#/species?sortBy=commonNameSort&sortDirection=asc&pageSize=10&keywords=barrow%27s%20goldeneye%20eastern%20population,9/9/11,2011,1,1,0,Birds,125000,NR,NR,1,0,1,Special Concern,QC NB PE NS NL,5/1/11,6/5/03,NA,NA,NA,NA,NA,NA,NA,NA,NA,NA,NA,NA,NA,NA,NA,NA,NA,NA,NA,NA,NA,NA,NA,NA,NA,NA,NA,NA,NA,NA,NA,NA,NA,NA,NA,NA,NA,NA,NA,NA,NA,NA,NA,NA,NA,NA,NA,NA,NA,NA,NA,NA,NA,NA,NA,NA,NA,NA,N,N,NA,NA,NA
Hossam,,950,435,yellow rail,Coturnicops noveboracensis,COSEWIC Status Reports,Special Concern,COSEWIC. 2009. COSEWIC assessment and status report on theYellow Rail Coturnicops noveboracensis in Canada. Committee on the Status of Endangered Wildlife in Canada. Ottawa. vii + 32 pp.,https://species-registry.canada.ca/index-en.html#/species?sortBy=commonNameSort&sortDirection=asc&pageSize=10&keywords=yellow%20rail,9/3/10,2009,0,1,0,Birds,3000000,2000,NR,1,0,1,Special Concern,NT BC AB SK MB ON QC NB,11/1/09,6/5/03,NA,NA,NA,NA,NA,NA,NA,NA,NA,NA,NA,NA,NA,NA,NA,NA,NA,NA,NA,NA,NA,NA,NA,NA,NA,NA,NA,NA,NA,NA,NA,NA,NA,NA,NA,NA,NA,NA,NA,NA,NA,NA,NA,NA,NA,NA,NA,NA,NA,NA,NA,NA,NA,NA,NA,NA,NA,NA,N,N,NA,NA,NA
Lucas,,992,437,harlequin duck eastern population,Histrionicus histrionicus,COSEWIC Status Reports,Special Concern,COSEWIC. 2013. COSEWIC assessment and status report on the Harlequin Duck Histrionicus histrionicus Eastern populationin Canada. Committee on the Status of Endangered Wildlife in Canada. Ottawa. ix + 38 pp,https://species-registry.canada.ca/index-en.html#/species?sortBy=commonNameSort&sortDirection=asc&pageSize=10&keywords=harlequin%20duck%20eastern%20population,10/15/14,2013,0,1,0,Birds,20000,NR,NR,1,0,1,Special Concern,NU QC NB NS NL,11/1/13,6/5/03,NA,NA,NA,NA,NA,NA,"flag- some sort of regression? analysis of christmas bird count data, trend averaged ~5% increase per year over three generations- equivalent to an increase of 350%",flag-abundance,POP,N,NRP,NRP,NRP,NEW,"no citation provided, appear to have used CBC data to model trend themselves",,A,flag-Y,"i say yes but it was more implicit rather than explicit, they mention under criteria A ""Population trend is unknown but likely increasing"" and the described model is one line of evidence in the document that indicates potential increase",NA,NA,NA,NA,NA,NA,NA,NA,NA,NA,NA,NA,NA,NA,NA,NA,NA,NA,NA,NA,NA,NA,NA,NA,NA,NA,NA,NA,NA,NA,NA,NA,NA,NA,NA,NA,NA,NA,NA,Y,Y,"OTH, POP,THR","type of model, model used in listing decision",resolved-SC-ignore
Caitlin,Aaliyah,881,447,chimney swift,Chaetura pelagica,COSEWIC Status Reports,Threatened,COSEWIC 2007. COSEWIC assessment and status report on the Chimney Swift Chaetura pelagica in Canada. Committee on the Status of Endangered Wildlife in Canada. Ottawa. vii + 49 pp.,https://species-registry.canada.ca/index-en.html#/species?sortBy=commonNameSort&sortDirection=asc&pageSize=10&keywords=chimney%20swift,8/29/07,2007,0,1,0,Birds,1302000,200000,NR,0,0,1,Threatened,SK MB ON QC NB NS,4/1/07,3/5/09,NA,A2c,NA,NA,NA,NA,"population? “According to the BBS, the Canadian Chimney Swift pop declined 7.8% annually btw 1968-2005…a cumulative decline of 95% over that 37 year period”",abundance,POP,N,NRP,NRP,"Downes, CM, BT Collins, and M Damus. 2005. Canadian Bird Trends web site Version 2.1. Migratory birds conservation division, Canadian Wildlife Service, Hull, Quebec.",GL,NA,Y,A,N,Under A: Actual population decline estimates over 3 generations do not meet A2b criterion… C: Estimated population was too large,Results showed that the range of distribution significantly declined by 33% between 1989 and 2004 (p<0.001; CWS-QC Unpublished data).,distributional,POP,N,NRP,NRP,(CWS-QC unpublished data),UNP,NA,Y,A,Y,Under A-- A: AO decline is 33% over 3 generations.,"Data collected for the second Ontario Breeding Bird Atlas (2001-2005) indicate that the species has been reported in only 48% as many 10-km squares as it was during the first atlas (1981-1985), even though at least 85% as much effort has been expended on field surveys. When corrected for effort, the data indicate a decline of 46% in the Area of Occupancy over the last 20 years; that decline has occurred throughout the species range in Ontario",distributional,POP,NRP,NRP,NRP,(http://www.birdsontario.org/publpr/download/OBBA_Change_Tables.pdf).,OTH,webpage,Y,A,Y,average of Ontario and QC models used to list species under A,"PVA--The results suggest that if only swifts of at least two years of age reproduce, between 40% and 60% of these birds must reproduce in order to maintain a viable population within the next century",demographic,POP,N,NRP,NRP,Gauthier J. And Y. Aubry (Des) 1995. The breeding birds of Quebec: Atlas of Breeding birds of southern Quebec,UNP,Paper is in-press,Y,E,N,PVA,Y,Y,"THR,POP,DIS","flag-- trouble telling if that first ""model"" is really a model",resolved
Lucas,,892,469,red knot islandica subspecies,Calidris canutus islandica,COSEWIC Status Reports,Special Concern,COSEWIC 2007. COSEWIC assessment and status report on the Red Knot Calidris canutus in Canada. Committee on the Status of Endangered Wildlife in Canada. Ottawa. vii + 58 pp,https://species-registry.canada.ca/index-en.html#/species?sortBy=commonNameSort&sortDirection=asc&pageSize=10&keywords=red%20knot%20islandica%20subspecies,8/28/07,2007,0,1,0,Birds,455669,284611,NR,0,0,0,Special Concern,NT NU,4/1/07,6/20/12,List,NA,NA,NA,NA,NA,NA,NA,NA,NA,NA,NA,NA,NA,NA,NA,NA,NA,NA,NA,NA,NA,NA,NA,NA,NA,NA,NA,NA,NA,NA,NA,NA,NA,NA,NA,NA,NA,NA,NA,NA,NA,NA,NA,NA,NA,NA,NA,NA,NA,NA,NA,NA,NA,NA,NA,NA,NA,Y,N,OTH,NA,NA
Lucas/Hossam,Jayme,996,472,cerulean warbler,Setophaga cerulea,COSEWIC Status Reports,Endangered,NA,https://species-registry.canada.ca/index-en.html#/species?sortBy=commonNameSort&sortDirection=asc&pageSize=10&keywords=cerulean%20warbler,NA,2010,0,1,0,Birds,134308,1250,NR,0,0,1,Endangered,ON QC,11/1/10,1/12/05,Uplist,C2a(ii),NA,NA,NA,NA,"probability of occurrence model- ""A comparison of the species’ distribution in Ontario in the 20-year period from the first (1981-85) to the second (2001-05) atlas period shows an overall non-significant decline of 30% (P = 0.18) in the probability of occurrence (Francis 2007). The most pronounced, statistically significant decline was in the Carolinian region (-47%; P = 0.08; Francis 2007), where roughly 20% of the Canadian population of Cerulean Warblers currently resides. Over a 10-year period (roughly three generations), the above values represent a non-significant decline in occurrence of about 16% overall, and a significant decline of about 27% (equivalent to -1.6% per year; 90% CI = -3.1% to -0.1%) within the Carolinian region""",abundance,POP,NRP,NRP,NRP,"Francis, C.M. 2007. Cerulean Warbler. Pp. 500-501 in M.D. Cadman, D.A. Sutherland, G.G. Beck, D. Lepage, and A.R. Couturier (eds.). Atlas of the Breeding Birds of Ontario, 2001-2005. Bird Studies Canada, Environment Canada, Ontario Field Ornithologists, Ontario Ministry of Natural Resources, and Ontario Nature, Toronto, xxii + 706 pp.",GL,citation provided in text,Y,"A,C",Y,"Under C2, you need to show a decline in the number of mature individuals so model was used. Used for criteria A but does not meet thresholds",NA,NA,NA,NA,NA,NA,NA,NA,NA,NA,NA,NA,NA,NA,NA,NA,NA,NA,NA,NA,NA,NA,NA,NA,NA,NA,NA,NA,NA,NA,NA,NA,NA,NA,NA,NA,NA,NA,NA,Y,Y,"HAB,OTH,POP,THR",see flags,resolved
Hossam,,993,480,savannah sparrow princeps subspecies,Passerculus sandwichensis princeps,COSEWIC Status Reports,Special Concern,COSEWIC. 2009. COSEWIC assessment and status report on the Savannah Sparrow princeps subspecies Passerculus sandwichensis in Canada. Committee on the Status of Endangered Wildlife in Canada. Ottawa. vi + 21 pp.,https://species-registry.canada.ca/index-en.html#/species?sortBy=commonNameSort&sortDirection=asc&pageSize=10&keywords=savannah%20sparrow%20princeps%20subspecies,9/3/10,2009,0,1,0,Birds,90,80,1,1,0,0,Special Concern,NS,11/1/09,6/5/03,NA,NA,NA,NA,NA,NA,NA,NA,NA,NA,NA,NA,NA,NA,NA,NA,NA,NA,NA,NA,NA,NA,NA,NA,NA,NA,NA,NA,NA,NA,NA,NA,NA,NA,NA,NA,NA,NA,NA,NA,NA,NA,NA,NA,NA,NA,NA,NA,NA,NA,NA,NA,NA,NA,NA,NA,NA,NA,N,NA,NA,NA,NA
Aaliyah,Caitlin,660,483,piping plover melodus subspecies,Charadrius melodus melodus,COSEWIC Status Reports,Endangered,COSEWIC. 2013. COSEWIC assessment and status report on the Piping Plover circumcinctus subspecies (Charadrius melodus circumcinctus) and the melodus subspecies (Charadrius melodus melodus) in Canada. Committee on the Status of Endangered Wildlife in Canada. Ottawa. xiv + 39 pp.,https://species-registry.canada.ca/index-en.html#/species?sortBy=commonNameSort&sortDirection=asc&pageSize=10&keywords=piping%20plover%20melodus%20subspecies,10/15/14,2013,0,1,0,Birds,258050,424,NR,1,0,1,Endangered,QC NB PE NS NL,11/1/13,6/5/03,NA,C2a(i),NA,NA,NA,NA,"Linear regression on annual survey counts shows a non-significant decline of 13% over the long term (1991-2013) and a significant decline of 23.3% over the last 10 years or approximately three generations. On the longer term (1991–2011), the interior subspecies has shown a decline of 22.9%, based on a linear regression on the count data from the International Piping Plover Census (Table 2). Over the most recent 10-year period (2001–2011), the interior subspecies has shown a decline of 12.2%. This estimate is based on applying the rate of decline for the entire time series to the last 10-year period. Using linear regression, annual survey results for the eastern subspecies show a non-significant long-term (1991–2013) decline of 13% (P = 0.15) and a significant short-term (2003–2013) decline of 23.3% (P = 0.014) over the last 10 years or approximately three generations.",abundance,POP,N,NRP,NRP,NRP,NEW,Regression done on data from 1991-2011 but no refernce,Y,"A,C",Y,"Endangered C2a(i) because the number of mature individuals is less than 2500, there is a
projected continuing decline in the number of mature individuals and no population is estimated to contain
more than 250 mature individuals.",NA,NA,NA,NA,NA,NA,NA,NA,NA,NA,NA,NA,NA,NA,NA,NA,NA,NA,NA,NA,NA,NA,NA,NA,NA,NA,NA,NA,NA,NA,NA,NA,NA,NA,NA,NA,NA,NA,NA,Y,NA,NA,species meet threatened D1 but was listed as Endangered C2a(i),resolved-criteria discrepancy
Hossam/Caitlin,Jayme,596,503,pink-footed shearwater,Ardenna creatopus,COSEWIC Status Reports,Threatened,COSEWIC. 2016. COSEWIC assessment and status report on the Pink-footed Shearwater Ardenna creatopus in Canada. Committee on the Status of Endangered Wildlife in Canada. Ottawa. xi + 43 pp.,https://species-registry.canada.ca/index-en.html#/species?sortBy=commonNameSort&sortDirection=asc&pageSize=10&keywords=pink%20-%20footed%20shearwater,10/24/17,2016,0,1,0,Birds,285500,80,3,0,0,1,Endangered,BC Pacific_Ocean,11/1/16,7/14/05,Uplist,"B2ab(iii,v)",NA,NA,NA,NA,NA,NA,NA,NA,NA,NA,NA,NA,NA,NA,NA,NA,NA,NA,NA,NA,NA,NA,NA,NA,NA,NA,NA,NA,NA,NA,NA,NA,NA,NA,NA,NA,NA,NA,NA,NA,NA,NA,NA,NA,NA,NA,NA,NA,NA,NA,NA,NA,NA,NA,NA,NA,N,NA,NA,NA,NA
Hossam,Jayme,778,506,common nighthawk,Chordeiles minor,COSEWIC Status Reports,Threatened,COSEWIC 2007. COSEWIC assessment and status report on the Common Nighthawk Chordeiles minor in Canada. Committee on the Status of Endangered Wildlife in Canada. Ottawa. vi + 25 pp.,https://species-registry.canada.ca/index-en.html#/species?sortBy=commonNameSort&sortDirection=asc&pageSize=10&keywords=common%20nighthawk,8/29/07,2007,0,1,0,Birds,4817780,54000,NR,0,0,1,Threatened,YT NT NU BC AB SK MB ON QC NB PE NS NL,4/1/07,2/23/10,NA,A2b,NA,NA,NA,NA,NA,NA,NA,NA,NA,NA,NA,NA,NA,NA,NA,NA,NA,NA,NA,NA,NA,NA,NA,NA,NA,NA,NA,NA,NA,NA,NA,NA,NA,NA,NA,NA,NA,NA,NA,NA,NA,NA,NA,NA,NA,NA,NA,NA,NA,NA,NA,NA,NA,NA,NA,NA,N,NA,NA,NA,NA
Lucas,Aaliyah,552,507,spotted owl caurina subspecies,Strix occidentalis caurina,COSEWIC Status Reports,Endangered,"COSEWIC. 2008. COSEWIC assessment and update status report on the Spotted Owl Strix occidentalis caurina Caurina subspecies, in Canada. Committee on the Status of Endangered Wildlife in Canada. Ottawa. vii + 47 pp.",https://species-registry.canada.ca/index-en.html#/species?sortBy=commonNameSort&sortDirection=asc&pageSize=10&keywords=spotted%20owl%20caurina%20subspecies,8/28/08,2008,0,1,0,Birds,32000,54.4,79,1,0,1,Endangered,BC,4/1/08,6/5/03,NA,A2ac,"B2ab(i,ii,iii,iv,v)",C1+2a(i),D1,E,"""simple linear regression"" "" Estimated number of occupied survey areas among the 40 survey areas from 1992 to 2002 (with 90% C.I.). Figure from Cooper (2006), adapted from Blackburn and Godwin (2003)""",distributional,POP,Y,CI,NA,"Cooper, J.M. 2006. In trouble in Canada-The Northern Spotted Owl. Biodiversity 6(4):10-11.",PR,NA,Y,"C,E",Y,NA,"habitat suitability model-""Recent work (with different habitat model variables) has determined that only99,675 ha in protected areas is actually suitable for Northern Spotted Owls. About 340,000 ha of unprotected suitable and restorable (within 20 years) habitat is available to breeding owls (Chutter et al. 2007)""",distributional,HAB,NRP,NRP,NRP,"Chutter, M.J., Blackburn, I., Bonin, D., Buchanan, J., Cunnington, D., Feldes, L., Harestad, A., Hayes, T., Heppner, D., Kiss, L., Leech, S., Smith, J., Surgenor, J., Wall, W., Waterhouse, L., and Williams, L. 2007. Guidance and some components of action planning for the Northern Spotted Owl in British Columbia. Canadian Spotted Owl Recovery Team, BC Ministry of Environment, Victoria, BC",GL,govt doc,Y,B,Y,"The only place it could have been used was criteria B. It says it meets Endangered B2ab(i,ii,iii,iv,v) which used the Index of Area of Occupancy; the IAO in the table doesn't seem to use the Chutter model (it comes from number of active sites x home range). However, you also need to show a decline in quantity of habitat for this criteria, and that seems to come from the Chutter model: in the Technical Summary it says ""Specify trend in area, extent or quality of habitat Habitat supply based on analysis by Chutter et al. (2007) Declining currently and forecast to decline for 20 years before stabilizing"". So I would say it was used for Criteria B.",NA,NA,NA,NA,NA,NA,NA,NA,NA,NA,NA,NA,NA,NA,NA,NA,NA,NA,NA,NA,NA,NA,NA,NA,NA,NA,N,N,NA,flag-lots,resolved
Aaliyah,,,,canada warbler,Cardellina canadensis,COSEWIC Status Reports,Threatened,COSEWIC. 2020. COSEWIC assessment and status report on the Canada Warbler Cardellina canadensis in Canada. Committee on the Status of Endangered Wildlife in Canada. Ottawa. xi + 54 pp.,https://species-registry.canada.ca/index-en.html#/species?sortBy=commonNameSort&sortDirection=asc&pageSize=10&keywords=Cardellina%20canadensis,10/12/21,2020,0,1,0,Birds,,,,,,,Special Concern,,,,,NA,NA,NA,NA,NA,NA,NA,NA,NA,NA,NA,NA,NA,NA,NA,NA,NA,NA,NA,NA,NA,NA,NA,NA,NA,NA,NA,NA,NA,NA,NA,NA,NA,NA,NA,NA,NA,NA,NA,NA,NA,NA,NA,NA,NA,NA,NA,NA,NA,NA,NA,NA,NA,NA,NA,NA,NA,Y,Y,"POP,THR","Was threatened but then special concer, would modelling be considered used in lisitn decision - for what criteria if special concern",resolved-SC-ignore
Hossam,Jayme,,,mountain plover,Charadrius montanus,COSEWIC Status Reports,Endangered,COSEWIC. 2021. COSEWIC Rapid Review of Classification on the Mountain Plover Charadrius montanus in Canada. Committee on the Status of Endangered Wildlife in Canada. Ottawa. xiipp.,https://species-registry.canada.ca/index-en.html#/species?sortBy=commonNameSort&sortDirection=asc&pageSize=10&keywords=Charadrius%20montanus,11/17/22,2021,0,1,0,Birds,,,,,,,Endangered,,,,,D1,NA,NA,NA,NA,NA,NA,NA,NA,NA,NA,NA,NA,NA,NA,NA,NA,NA,NA,NA,NA,NA,NA,NA,NA,NA,NA,NA,NA,NA,NA,NA,NA,NA,NA,NA,NA,NA,NA,NA,NA,NA,NA,NA,NA,NA,NA,NA,NA,NA,NA,NA,NA,NA,NA,NA,NA,N,NA,NA,NA,NA
Aaliyah,,,,greater sage-grouse urophasianus subspecies,Centrocercus urophasianus urophasianus,COSEWIC Status Reports,Endangered,COSEWIC. 2021. COSEWIC Rapid Review of Classification on the Greater Sage-Grouse urophasianus subspecies Centrocercus urophasianus urophasianus in Canada. Committee on the Status of Endangered Wildlife in Canada. Ottawa. xv pp.,https://species-registry.canada.ca/index-en.html#/species?sortBy=commonNameSort&sortDirection=asc&pageSize=10&keywords=greater%20sage%20grouse%20urophasianus%20subspecies,11/17/22,2021,1,1,0,Birds,,,,,,,Endangered,,,,,D1,NA,NA,NA,NA,"Inferred 13% reduction over 3 generations (2009-2020), based on linear regression on counts at active leks in Alberta, but with high uncertainty (95% CI of -122%, 96%).",abundance,OTH,Y,CI,HIGH,NRP,NEW,no reference given for linear regression output,Y,C,N,"model does not refer to number of mature individuals, looking at generation decline",NA,NA,NA,NA,NA,NA,NA,NA,NA,NA,NA,NA,NA,NA,NA,NA,NA,NA,NA,NA,NA,NA,NA,NA,NA,NA,NA,NA,NA,NA,NA,NA,NA,NA,NA,NA,NA,NA,NA,Y,N,OTH,rapid review - would report section be other?,resolved-RR-ignore
Aaliyah,,,,eastern whip-poor-will,Antrostomus vociferus,COSEWIC Status Reports,Threatened,COSEWIC. 2022. COSEWIC assessment and status report on the Eastern Whip-poor-will Antrostomus vociferus in Canada. Committee on the Status of Endangered Wildlife in Canada. Ottawa. xiii + 56 pp.,https://species-registry.canada.ca/index-en.html#/species?sortBy=commonNameSort&sortDirection=asc&pageSize=10&keywords=eastern%20whip%20poor%20will,10/18/23,2022,0,1,0,Birds,,,,,,,Special Concern,,,,,NA,NA,NA,NA,NA,NA,NA,NA,NA,NA,NA,NA,NA,NA,NA,NA,NA,NA,NA,NA,NA,NA,NA,NA,NA,NA,NA,NA,NA,NA,NA,NA,NA,NA,NA,NA,NA,NA,NA,NA,NA,NA,NA,NA,NA,NA,NA,NA,NA,NA,NA,NA,NA,NA,NA,NA,NA,Y,Y,"POP, OTH",Special concern with models that relate to listing - how are we dealing with this?,resolved-SC-ignore
Hossam,,,,northern bobwhite,Colinus virginianus,COSEWIC Status Reports,Endangered,COSEWIC. 2023. COSEWIC Rapid Review of Classification on the Northern Bobwhite Colinus virginianus in Canada. Committee on the Status of Endangered Wildlife in Canada. Ottawa. xv pp.,https://species-registry.canada.ca/index-en.html#/species?sortBy=commonNameSort&sortDirection=asc&pageSize=10&keywords=northern%20bobwhite,1/23/24,2023,1,1,0,Birds,,,,,,,Endangered,,,,,"B1ab(ii,iii,v)+2ab(ii,iii,v)","C2a(i,ii)",D1,NA,NA,NA,NA,NA,NA,NA,NA,NA,NA,NA,,NA,NA,NA,NA,NA,NA,NA,NA,NA,NA,NA,NA,,NA,NA,NA,NA,NA,NA,NA,NA,NA,NA,NA,NA,,NA,NA,NA,NA,NA,NA,NA,NA,NA,NA,NA,NA,,NA,NA,NA,N,NA,NA,NA,NA
Aaliyah,,,,savannah sparrow princeps subspecies,Passerculus sandwichensis princeps,COSEWIC Status Reports,Special Concern,COSEWIC. 2023. COSEWIC Rapid Review of Classification on the Savannah Sparrow princeps subspecies Passerculus sandwichensis princeps in Canada. Committee on the Status of Endangered Wildlife in Canada. Ottawa. xvii pp.,https://species-registry.canada.ca/index-en.html#/species?sortBy=commonNameSort&sortDirection=asc&pageSize=10&keywords=savannah%20sparrow%20princeps%20subspecies,1/22/24,2023,1,1,0,Birds,,,,,,,Special Concern,,,,,exclude,exclude,exclude,exclude,exclude,exclude,exclude,exclude,exclude,exclude,exclude,exclude,exclude,exclude,exclude,exclude,exclude,exclude,exclude,exclude,exclude,exclude,exclude,exclude,exclude,exclude,exclude,exclude,exclude,exclude,exclude,exclude,exclude,exclude,exclude,exclude,exclude,exclude,exclude,exclude,exclude,exclude,exclude,exclude,exclude,exclude,exclude,exclude,exclude,exclude,exclude,exclude,exclude,exclude,exclude,exclude,exclude,exclude,exclude,exclude,exclude,NA
Lucas,,,,roseate tern,Sterna dougallii,COSEWIC Status Reports,Endangered,COSEWIC. 2023. COSEWIC Rapid Review of Classification on the Roseate Tern Sterna dougallii in Canada. Committee on the Status of Endangered Wildlife in Canada. Ottawa. xvipp.,https://species-registry.canada.ca/index-en.html#/species?sortBy=commonNameSort&sortDirection=asc&pageSize=10&keywords=roseate%20tern,1/22/24,2023,1,1,0,Birds,,,,,,,Endangered,,,,,A2ac+4ac,"B2ab(i,iii,v)","C2a(i,ii)",D1,NA,"unclear what kind of model, note this is a rapid review so lots left out- relevant info ""64% decline (95% CI = -84%, -44%) over about 3 generations (1995-2019)"" this 64% number is specifically mentioned in the RFD as well",flag-abundance,OTH,Y,CI,MED,"McKnight, J., pers. comm. 2021. Email correspondence with A.G. Horn. February 2021. Conservation Biologist. Canadian Wildlife Service, Environment and Climate Change Canada, Dartmouth, Nova Scotia",UNP,cited in technical summary,,A,Y,"model output (64% reduction) specifically mentioned in technical summary, applicability of criteria, and RFD",NA,NA,NA,NA,NA,NA,NA,NA,NA,,NA,NA,NA,NA,NA,NA,NA,NA,NA,NA,NA,NA,,NA,NA,NA,NA,NA,NA,NA,NA,NA,NA,NA,NA,,NA,NA,NA,flag,flag,flag,"type of model unclear, refer to other models and potential models but these are not brought up in RFD or applicability of criteria (or at least arent as clearly referenced as the described model) unclear how to handle columns as a result",resolved-RR-ignore
Caitlin/Lucas,Jayme,49,833,bull trout saskatchewan-nelson rivers populations,Salvelinus confluentus,COSEWIC Status Reports,Threatened,COSEWIC. 2012. COSEWIC assessment and status report on the Bull Trout Salvelinus confluentus in Canada. Committee on the Status of Endangered Wildlife in Canada. Ottawa. iv + 103 pp.,https://species-registry.canada.ca/index-en.html#/species?sortBy=commonNameSort&sortDirection=asc&pageSize=10&keywords=bull%20trout%20saskatchewan%20-%20nelson%20rivers%20populations,9/10/20,2012,0,1,0,Fishes (freshwater),>20 000 km2,> 2 000 km,36,1,0,1,Threatened,AB,11/1/12,8/8/19,List,A4de,NA,NA,NA,NA,"distribution model, “Based on the negative correlation between Bull Trout occurrence and levels of commercial forestry...forecast the local extirpation of Bull Trout from 24% to 43% of stream reaches that currently support Bull Trout in the Kakwa River basin, Alberta over the next 20 years",distributional,HAB,N,NRP,NRP,"Ripley, T., G. Scrimgeour, and M.S. Boyce. 2005. Bull Trout (Salvelinus confluentus) occurrence and abundance influenced by cumulative industrial developments in a Canadian boreal forest watershed. Canadian Journal of Fisheries and Aquatic Sciences 62: 2431–2442.",PR,NA,Y,B,N,"Not listed under B, but table refers to declines in distribution range",NA,NA,NA,NA,NA,NA,NA,NA,NA,NA,NA,NA,NA,NA,NA,NA,NA,NA,NA,NA,NA,NA,NA,NA,NA,NA,NA,NA,NA,NA,NA,NA,NA,NA,NA,NA,NA,NA,NA,Y,Y,"HAB, THR",NA,NA
Aaliyah,,54,1004,bull trout western arctic populations,Salvelinus confluentus,COSEWIC Status Reports,Special Concern,COSEWIC. 2012. COSEWIC assessment and status report on the Bull Trout Salvelinus confluentus in Canada. Committee on the Status of Endangered Wildlife in Canada. Ottawa. iv + 103 pp.,https://species-registry.canada.ca/index-en.html#/species?sortBy=commonNameSort&sortDirection=asc&pageSize=10&keywords=bull%20trout%20western%20arctic%20populations,11/4/13,2012,0,1,0,Fishes (freshwater),>20 000 km2,> 2 000 km,45,1,1,0,Special Concern,YT NT BC AB,11/1/12,8/8/19,List,NA,NA,NA,NA,NA,NA,NA,NA,NA,NA,NA,NA,NA,NA,NA,NA,NA,NA,NA,NA,NA,NA,NA,NA,NA,NA,NA,NA,NA,NA,NA,NA,NA,NA,NA,NA,NA,NA,NA,NA,NA,NA,NA,NA,NA,NA,NA,NA,NA,NA,NA,NA,NA,NA,NA,NA,NA,Y,Y,"DIS, POP",Special concern species with models that relate to population size and distribution could've been used in decision to make special concern,resolved-SC-ignore
Aaliyah,Hossam,73,123,coastrange sculpin cultus lake population,Cottus aleuticus,COSEWIC Status Reports,Threatened,"COSEWIC. 2019. COSEWIC assessment and status report on the Coastrange Sculpin Cottus aleuticus, Cultus Lake population, in Canada. Committee on the Status of Endangered Wildlife in Canada. Ottawa. xii + 41 pp.",https://species-registry.canada.ca/index-en.html#/species?sortBy=commonNameSort&sortDirection=asc&pageSize=10&keywords=coastrange%20sculpin%20cultus%20lake%20population,10/21/20,2019,0,1,0,Fishes (freshwater),32 km2,32 km2,1,1,1,0,Endangered,BC,11/1/19,6/5/03,NA,B1ab(iii)+2ab(iii),NA,NA,NA,NA,NA,NA,NA,NA,NA,NA,NA,NA,NA,NA,NA,NA,NA,NA,NA,NA,NA,NA,NA,NA,NA,NA,NA,NA,NA,NA,NA,NA,NA,NA,NA,NA,NA,NA,NA,NA,NA,NA,NA,NA,NA,NA,NA,NA,NA,NA,NA,NA,NA,NA,NA,NA,Y,Y,"THR,POP",multiple models about hebitat quality decline but none about EOO or IAO but mentions decline in habitabt quality in table ,resolved
Lucas,,123,800,gravel chub,Erimystax x-punctatus,COSEWIC Status Reports,Extirpated,COSEWIC. 2019. COSEWIC rapid review of classification on the Gravel Chub Erimystax x-punctatus in Canada. Committee on the Status of Endangered Wildlife in Canada. Ottawa. xi pp.,https://species-registry.canada.ca/index-en.html#/species?sortBy=commonNameSort&sortDirection=asc&pageSize=10&keywords=gravel%20chub,12/16/19,2019,1,1,0,Fishes (freshwater),0 km2,0 km2,0,1,0,0,Extirpated,ON,5/1/19,6/5/03,NA,NA,NA,NA,NA,NA,NA,NA,NA,NA,NA,NA,NA,NA,NA,NA,NA,NA,NA,NA,NA,NA,NA,NA,NA,NA,NA,NA,NA,NA,NA,NA,NA,NA,NA,NA,NA,NA,NA,NA,NA,NA,NA,NA,NA,NA,NA,NA,NA,NA,NA,NA,NA,NA,NA,NA,NA,NA,N,N,NA,NA,NA
Hossam,Jayme,193,400,nooksack dace,Rhinichthys cataractae,COSEWIC Status Reports,Endangered,COSEWIC. 2018. COSEWIC assessment and status report on the Nooksack Dace Rhinichthys cataractae in Canada. Committee on the Status of Endangered Wildlife in Canada. Ottawa. xii + 38 pp.,https://species-registry.canada.ca/index-en.html#/species?sortBy=commonNameSort&sortDirection=asc&pageSize=10&keywords=nooksack%20dace,10/9/19,2018,0,1,0,Fishes (freshwater),630 km2,36 km2,4,1,0,1,Endangered,BC,11/1/18,6/5/03,NA,"B1ab(i,ii,iii,iv,v)+2ab(i,ii,iii,iv,v)",NA,NA,NA,NA,NA,NA,NA,NA,NA,NA,NA,NA,NA,NA,NA,NA,NA,NA,NA,NA,NA,NA,NA,NA,NA,NA,NA,NA,NA,NA,NA,NA,NA,NA,NA,NA,NA,NA,NA,NA,NA,NA,NA,NA,NA,NA,NA,NA,NA,NA,NA,NA,NA,NA,NA,NA,Y,NA,POP,NA,NA
Caitlin,,211,790,paddlefish,Polyodon spathula,COSEWIC Status Reports,Extirpated,COSEWIC. 2019. COSEWIC Rapid Review of Classification on the Paddlefish Polyodon spathula in Canada. Committee on the Status of Endangered Wildlife in Canada. Ottawa. xi pp.,https://species-registry.canada.ca/index-en.html#/species?sortBy=commonNameSort&sortDirection=asc&pageSize=10&keywords=paddlefish,1/16/20,2019,1,1,0,Fishes (freshwater),0 km2,0 km2,0,1,0,0,Extirpated,ON,5/1/19,6/5/03,NA,NA,NA,NA,NA,NA,NA,NA,NA,NA,NA,NA,NA,NA,NA,NA,NA,NA,NA,NA,NA,NA,NA,NA,NA,NA,NA,NA,NA,NA,NA,NA,NA,NA,NA,NA,NA,NA,NA,NA,NA,NA,NA,NA,NA,NA,NA,NA,NA,NA,NA,NA,NA,NA,NA,NA,NA,NA,N,NA,NA,NA,NA
Hossam,Jayme,248,1521,rainbow smelt lake utopia large-bodied population,Osmerus mordax,COSEWIC Status Reports,Endangered,"COSEWIC. 2018. COSEWIC assessment and status report on the Rainbow Smelt Osmerus mordax, Lake Utopia large-bodied population and the Lake Utopia small-bodied population,in Canada. Committee on the Status of Endangered Wildlife in Canada. Ottawa. xiv + 40 pp.",https://species-registry.canada.ca/index-en.html#/species?sortBy=commonNameSort&sortDirection=asc&pageSize=10&keywords=rainbow%20smelt%20lake%20utopia%20large%20-%20bodied%20population,10/9/19,2018,0,1,0,Fishes (freshwater),30 km2,21 km2,1,1,1,0,Endangered,NB,11/1/18,8/8/19,Uplist,B1ab(iii)+2ab(iii),NA,NA,NA,NA,NA,NA,NA,NA,NA,NA,NA,NA,NA,NA,NA,NA,NA,NA,NA,NA,NA,NA,NA,NA,NA,NA,NA,NA,NA,NA,NA,NA,NA,NA,NA,NA,NA,NA,NA,NA,NA,NA,NA,NA,NA,NA,NA,NA,NA,NA,NA,NA,NA,NA,NA,NA,N,NA,NA,NA,NA
Caitlin,Hossam,247,378,rainbow smelt lake utopia small-bodied population,Osmerus mordax,COSEWIC Status Reports,Endangered,"COSEWIC. 2018. COSEWIC assessment and status report on the Rainbow Smelt Osmerus mordax, Lake Utopia large-bodied population and the Lake Utopia small-bodied population,in Canada. Committee on the Status of Endangered Wildlife in Canada. Ottawa. xiv + 40 pp.",https://species-registry.canada.ca/index-en.html#/species?sortBy=commonNameSort&sortDirection=asc&pageSize=10&keywords=rainbow%20smelt%20lake%20utopia%20small%20-%20bodied%20population,10/9/19,2018,0,1,0,Fishes (freshwater),29 km2,20 km2,1,1,1,0,Endangered,NB,11/1/18,6/5/03,Uplist,B1ab(iii)+2ab(iii),NA,NA,NA,NA,NA,NA,NA,NA,NA,NA,NA,NA,NA,NA,NA,NA,NA,NA,NA,NA,NA,NA,NA,NA,NA,NA,NA,NA,NA,NA,NA,NA,NA,NA,NA,NA,NA,NA,NA,NA,NA,NA,NA,NA,NA,NA,NA,NA,NA,NA,NA,NA,NA,NA,NA,NA,Y,Y,POP,NA,NA
Lucas,Hossam,295,828,silver shiner,Notropis photogenis,COSEWIC Status Reports,Threatened,COSEWIC. 2011. COSEWIC assessment and status report on the Silver Shiner in Canada. Committee on the Status of Endangered Wildlife in Canada. Ottawa. xi + 45 pp.,https://species-registry.canada.ca/index-en.html#/species?sortBy=commonNameSort&sortDirection=asc&pageSize=10&keywords=silver%20shiner,9/9/11,2011,0,1,0,Fishes (freshwater),"6,996 km2",896 km¬≤,6,1,0,0,Threatened,ON,5/1/11,8/8/19,List,B1ab(iii)+2ab(iii),NA,NA,NA,NA,NA,NA,NA,NA,NA,NA,NA,NA,NA,NA,NA,NA,NA,NA,NA,NA,NA,NA,NA,NA,NA,NA,NA,NA,NA,NA,NA,NA,NA,NA,NA,NA,NA,NA,NA,NA,NA,NA,NA,NA,NA,NA,NA,NA,NA,NA,NA,NA,NA,NA,NA,NA,N,N,NA,NA,NA
Lucas,Hossam,345,101,vancouver lamprey,Entosphenus macrostomus,COSEWIC Status Reports,Threatened,COSEWIC. 2017. COSEWIC assessment and status report on the Vancouver Lamprey Entosphenus macrostomus in Canada. Committee on the Status of Endangered Wildlife in Canada. Ottawa. xi + 67 pp.,https://species-registry.canada.ca/index-en.html#/species?sortBy=commonNameSort&sortDirection=asc&pageSize=10&keywords=vancouver%20lamprey,10/15/18,2017,0,1,0,Fishes (freshwater),176 km2,176 km2,44256,1,1,0,Threatened,BC,11/1/17,6/5/03,NA,B1ab(iii)+2ab(iii),NA,NA,NA,NA,NA,NA,NA,NA,NA,NA,NA,NA,NA,NA,NA,NA,NA,NA,NA,NA,NA,NA,NA,NA,NA,NA,NA,NA,NA,NA,NA,NA,NA,NA,NA,NA,NA,NA,NA,NA,NA,NA,NA,NA,NA,NA,NA,NA,NA,NA,NA,NA,NA,NA,NA,NA,Y,Y,POP,"from Status and RFD: ""Meets Endangered, B1ab(iii)+2ab(iii), but designated Threatened, B1ab(iii)+2ab(iii), because the species is not at imminent risk of extinction.",resolved-criteria discrepancy
Hossam,Jayme,696,14,carmine shiner,Notropis percobromus,COSEWIC Status Reports,Threatened,COSEWIC 2006. COSEWIC assessment and update status report on the carmine shiner Notropis percobromus in Canada. Committee on the Status of Endangered Wildlife in Canada. Ottawa.  vi + 29 pp.,https://species-registry.canada.ca/index-en.html#/species?sortBy=commonNameSort&sortDirection=asc&pageSize=10&keywords=carmine%20shiner,8/29/06,2006,0,1,0,Fishes (freshwater),120,3.4,5,1,0,0,Threatened,MB,4/1/06,6/5/03,NA,D2,NA,NA,NA,NA,NA,NA,NA,NA,NA,NA,NA,NA,NA,NA,NA,NA,NA,NA,NA,NA,NA,NA,NA,NA,NA,NA,NA,NA,NA,NA,NA,NA,NA,NA,NA,NA,NA,NA,NA,NA,NA,NA,NA,NA,NA,NA,NA,NA,NA,NA,NA,NA,NA,NA,NA,NA,NA,NA,NA,NA,NA
Aaliyah,,978,23,bridle shiner,Notropis bifrenatus,COSEWIC Status Reports,Special Concern,COSEWIC. 2013. COSEWIC assessment and status report on the Bridle ShinerNotropis bifrenatus in Canada. Committee on the Status of Endangered Wildlife in Canada. Ottawa. xi + 30 pp. (Species at Risk Public Registry).,https://species-registry.canada.ca/index-en.html#/species?sortBy=commonNameSort&sortDirection=asc&pageSize=10&keywords=bridle%20shiner,1/3/14,2013,0,1,0,Fishes (freshwater),38293,640,25,1,0,1,Special Concern,ON QC,5/1/13,6/5/03,NA,NA,NA,NA,NA,NA,NA,NA,NA,NA,NA,NA,NA,NA,NA,NA,NA,NA,NA,NA,NA,NA,NA,NA,NA,NA,NA,NA,NA,NA,NA,NA,NA,NA,NA,NA,NA,NA,NA,NA,NA,NA,NA,NA,NA,NA,NA,NA,NA,NA,NA,NA,NA,NA,NA,NA,NA,NA,N,NA,NA,NA,NA
Lucas,Hossam,662,31,northern madtom,Noturus stigmosus,COSEWIC Status Reports,Endangered,COSEWIC. 2012. COSEWIC assessment and status report on the Northern Madtom Noturus stigmosusin Canada. Committee on the Status of Endangered Wildlife in Canada. Ottawa. x + 38 pp.,https://species-registry.canada.ca/index-en.html#/species?sortBy=commonNameSort&sortDirection=asc&pageSize=10&keywords=northern%20madtom,1/3/13,2012,0,1,0,Fishes (freshwater),3330,107,4,1,0,1,Endangered,ON,5/1/12,1/12/05,NA,B1ab(iii)+2ab(iii),NA,NA,NA,NA,NA,NA,NA,NA,NA,NA,NA,NA,NA,NA,NA,NA,NA,NA,NA,NA,NA,NA,NA,NA,NA,NA,NA,NA,NA,NA,NA,NA,NA,NA,NA,NA,NA,NA,NA,NA,NA,NA,NA,NA,NA,NA,NA,NA,NA,NA,NA,NA,NA,NA,NA,NA,Y,N,THR,NA,NA
Lucas,,519,70,deepwater sculpin great lakes-upper st. lawrence populations,Myoxocephalus thompsonii,COSEWIC Status Reports,Special Concern,"COSEWIC. 2017. COSEWIC assessment and status report on the Deepwater Sculpin Myoxocephalus thompsonii, Great Lakes-Upper St. Lawrence populations, Southern Hudson Bay-James Bay populations, Saskatchewan-Nelson River populations, Waterton Lake population, Western Hudson Bay populations and Western Arctic populations in Canada. Committee on the Status of Endangered Wildlife in Canada. Ottawa. xxxvii + 61 pp.",https://species-registry.canada.ca/index-en.html#/species?sortBy=commonNameSort&sortDirection=asc&pageSize=10&keywords=deepwater%20sculpin%20great%20lakes%20-%20upper%20st.%20lawrence%20populations,1/17/18,2017,0,1,0,Fishes (freshwater),474027,2000,11,1,0,0,Special Concern,ON QC,4/1/17,12/13/07,NA,NA,NA,NA,NA,NA,"from the cited paper: ""an exponential model fit to the whole-lakee annual density estimates suggested that the rate of population growth was 61%""",abundance,POP,N,NRP,NRP,"Weidel, B.C., M.G. Walsh, M.J. Connerton, B.F. Lantry, J.R. Lantry, J.P. Holden, M, Yuille, and J.A. Hoyle. 2017. Deepwater sculpin status and recovery in Lake Ontario. Journal of Great Lakes Research. https://doi.org/10.1016/j.jglr.2016.12.011",PR,clearly cited,Y,A,N,"this model was for one location in the DU, since they did not have data for other locations they answered ""is there a continuing decline in number of mature individuals"" as ""Unknown""",NA,NA,NA,NA,NA,NA,NA,NA,NA,NA,NA,NA,NA,NA,NA,NA,NA,NA,NA,NA,NA,NA,NA,NA,NA,NA,NA,NA,NA,NA,NA,NA,NA,NA,NA,NA,NA,NA,NA,N,N,NA,NA,NA
Caitlin/Hossam,Jayme,986,85,Warmouth,Lepomis gulosus,COSEWIC Status Reports,Special Concern,COSEWIC. 2015. COSEWIC assessment and status report on the Warmouth Lepomis gulosus in Canada. Committee on the Status of Endangered Wildlife in Canada. Ottawa. x + 47 pp.,https://species-registry.canada.ca/index-en.html#/species?sortBy=commonNameSort&sortDirection=asc&pageSize=10&keywords=warmouth,1/26/16,2015,0,1,0,Fishes (freshwater),2409,100,3,1,0,1,Endangered,ON,5/1/15,6/5/03,NA,B1ab(iii)+2ab(iii),NA,NA,NA,NA,NA,NA,NA,NA,NA,NA,NA,NA,NA,NA,NA,NA,NA,NA,NA,NA,NA,NA,NA,NA,NA,NA,NA,NA,NA,NA,NA,NA,NA,NA,NA,NA,NA,NA,NA,NA,NA,NA,NA,NA,NA,NA,NA,NA,NA,NA,NA,NA,NA,NA,NA,NA,Y,Y,"THR, OTH",NA,NA
Aaliyah,,903,86,shortnose sturgeon,Acipenser brevirostrum,COSEWIC Status Reports,Special Concern,COSEWIC. 2015. COSEWIC assessment and status report on the Shortnose Sturgeon Acipenser brevirostrum in Canada. Committee on the Status of Endangered Wildlife in Canada. Ottawa. xii + 48 pp.,https://species-registry.canada.ca/index-en.html#/species?sortBy=commonNameSort&sortDirection=asc&pageSize=10&keywords=shortnose%20sturgeon,3/29/16,2015,0,1,0,Fishes (freshwater),6532,80,1.5,1,0,0,Special Concern,NB NS,5/1/15,3/5/09,NA,NA,NA,NA,NA,NA,NA,NA,NA,NA,NA,NA,NA,NA,NA,NA,NA,NA,NA,NA,NA,NA,NA,NA,NA,NA,NA,NA,NA,NA,NA,NA,NA,NA,NA,NA,NA,NA,NA,NA,NA,NA,NA,NA,NA,NA,NA,NA,NA,NA,NA,NA,NA,NA,NA,NA,NA,NA,Y,Y,"BIOL, POP",Special concern species with models - model laval area and abundance,resolved-SC-ignore
Hossam,,1003,125,dolly varden western arctic populations,Salvelinus malma malma,COSEWIC Status Reports,Special Concern,COSEWIC. 2010. COSEWIC assessment and status report on the Dolly Varden Salvelinus malma malma (Western Arctic populations) in Canada. Committee on the Status of Endangered Wildlife in Canada. Ottawa. x + 65 pp.,https://species-registry.canada.ca/index-en.html#/species?sortBy=commonNameSort&sortDirection=asc&pageSize=10&keywords=dolly%20varden%20western%20arctic%20populations,9/9/11,2010,0,1,0,Fishes (freshwater),227320,72,17,0,0,1,Special Concern,YT NT,11/1/10,4/13/17,List,NA,NA,NA,NA,NA,Abundance model measuring population size in 1991,abundance,POP,Y,CI,MED,Sandstrom et al. 1997,PR,Clearly cited,Y,NA,N,Not mentioned in applicability of criteria,NA,NA,NA,NA,NA,NA,NA,NA,NA,NA,NA,NA,NA,NA,NA,NA,NA,NA,NA,NA,NA,NA,NA,NA,NA,NA,NA,NA,NA,NA,NA,NA,NA,NA,NA,NA,NA,NA,NA,Y,Y,THR,NA,NA
Caitlin/Aaliyah,Jayme,855,197,mountain sucker milk river populations,Catostomus platyrhynchus,COSEWIC Status Reports,Threatened,"COSEWIC. 2010. COSEWIC assessment and status report on the Mountain Sucker Catostomus platyrhynchus (Saskatchewan ¬ñ Nelson River populations, Milk River populations and Pacific populations) in Canada. Committee on the Status of Endangered Wildlife in Canada. Ottawa. xvii + 54 pp.",https://species-registry.canada.ca/index-en.html#/species?sortBy=commonNameSort&sortDirection=asc&pageSize=10&keywords=mountain%20sucker%20milk%20river%20populations,9/9/11,2010,0,1,0,Fishes (freshwater),13006,1056,8,1,0,1,Threatened,AB SK,11/1/10,4/13/17,List,B1ab(iii)+2ab(iii),NA,NA,NA,NA,"Climate model ""Most climate models predict further warming of 1-2o C and slight increases in precipitation by the end of the 21st century (CCIS 2007). The forecasted increases are much lower than the predicted increase of 55% in evapotranspiration due to rising temperatures. The southern prairies are likely to be much drier (Schindler and Donahue 2006)"" and ""given predicted changes in aquatic ecosystems associated with global climate change (Poff et al. 2002; Schindler and Donahue 2006).""",other,THR,N,NRP,NRP,CCIS 2007,GL,website with climate scenarios,N,B,Y,predicted changes in climate change referred in applicability of criteria table,NA,NA,NA,NA,NA,NA,NA,NA,NA,NA,NA,NA,NA,NA,NA,NA,NA,NA,NA,NA,NA,NA,NA,NA,NA,NA,NA,NA,NA,NA,NA,NA,NA,NA,NA,NA,NA,NA,NA,N,NA,NA,NA,NA
Caitlin,Hossam,611,313,lake chubsucker,Erimyzon sucetta,COSEWIC Status Reports,Endangered,COSEWIC. 2008. COSEWIC assessment and update status report on the Lake Chubsucker Erimyzon sucetta in Canada. Committee on the Status of Endangered Wildlife in Canada. Ottawa. vi + 29 pp.,https://species-registry.canada.ca/index-en.html#/species?sortBy=commonNameSort&sortDirection=asc&pageSize=10&keywords=lake%20chubsucker,8/28/09,2008,0,1,0,Fishes (freshwater),NR,400,11,1,0,1,Endangered,ON,11/1/08,6/5/03,Uplist,"B2ab(ii,iii,iv)",NA,NA,NA,NA,NA,NA,NA,NA,NA,NA,NA,NA,NA,NA,NA,NA,NA,NA,NA,NA,NA,NA,NA,NA,NA,NA,NA,NA,NA,NA,NA,NA,NA,NA,NA,NA,NA,NA,NA,NA,NA,NA,NA,NA,NA,NA,NA,NA,NA,NA,NA,NA,NA,NA,NA,NA,N,NA,NA,NA,NA
Hossam,,989,325,spotted sucker,Minytrema melanops,COSEWIC Status Reports,Special Concern,COSEWIC. 2014. COSEWIC status appraisal summary on the Spotted Sucker Minytrema melanops in Canada. Committee on the Status of Endangered Wildlife in Canada. Ottawa. xvi pp.,https://species-registry.canada.ca/index-en.html#/species?sortBy=commonNameSort&sortDirection=asc&pageSize=10&keywords=spotted%20sucker,12/11/15,2014,1,1,0,Fishes (freshwater),6913,159,10,1,0,1,Special Concern,ON,11/1/14,6/5/03,NA,NA,NA,NA,NA,NA,NA,NA,NA,NA,NA,NA,NA,NA,NA,NA,NA,NA,NA,NA,NA,NA,NA,NA,NA,NA,NA,NA,NA,NA,NA,NA,NA,NA,NA,NA,NA,NA,NA,NA,NA,NA,NA,NA,NA,NA,NA,NA,NA,NA,NA,NA,NA,NA,NA,NA,NA,NA,N,N,NA,NA,NA
Caitlin,,914,326,upper great lakes kiyi,Coregonus kiyi kiyi,COSEWIC Status Reports,Special Concern,COSEWIC 2005. COSEWIC assessment and update status report on the Lake Ontario kiyi Coregonus kiyi orientalis and Upper Great Lakes kiyi Coregonus kiyi kiyi in Canada. Committee on the Status of Endangered Wildlife in Canada. Ottawa. vi + 17 pp.,https://species-registry.canada.ca/index-en.html#/species?sortBy=commonNameSort&sortDirection=asc&pageSize=10&keywords=upper%20great%20lakes%20kiyi,8/12/05,2005,0,1,0,Fishes (freshwater),142010,67755,1,1,0,1,Special Concern,ON,5/1/05,12/13/07,List,NA,NA,NA,NA,NA,NA,NA,NA,NA,NA,NA,NA,NA,NA,NA,NA,NA,NA,NA,NA,NA,NA,NA,NA,NA,NA,NA,NA,NA,NA,NA,NA,NA,NA,NA,NA,NA,NA,NA,NA,NA,NA,NA,NA,NA,NA,NA,NA,NA,NA,NA,NA,NA,NA,NA,NA,NA,N,NA,NA,NA,NA
Aaliyah,Hossam,521,363,shortnose cisco,Coregonus reighardi,COSEWIC Status Reports,Endangered,COSEWIC 2005. COSEWIC assessment and update status report on the shortnose cisco Coregonus reighardi in Canada. Committee on the Status of Endangered Wildlife in Canada. Ottawa. vi + 14 pp.,https://species-registry.canada.ca/index-en.html#/species?sortBy=commonNameSort&sortDirection=asc&pageSize=10&keywords=shortnose%20cisco,5/1/05,2005,0,1,0,Fishes (freshwater),84323,34679,0,1,0,1,Endangered,ON,5/1/05,12/13/07,NA,D1,NA,NA,NA,NA,NA,NA,NA,NA,NA,NA,NA,NA,NA,NA,NA,NA,NA,NA,NA,NA,NA,NA,NA,NA,NA,NA,NA,NA,NA,NA,NA,NA,NA,NA,NA,NA,NA,NA,NA,NA,NA,NA,NA,NA,NA,NA,NA,NA,NA,NA,NA,NA,NA,NA,NA,NA,N,N,NA,NA,NA
Aaliyah,,905,395,northern brook lamprey great lakes-upper st. lawrence populations,Ichthyomyzon fossor,COSEWIC Status Reports,Special Concern,COSEWIC 2007. COSEWIC assessment and update status report on the northern brook lamprey Ichthyomyzon fossor (Great Lakes √¢¬Ä¬ì Upper St. Lawrence populations and Saskatchewan √¢¬Ä¬ì Nelson population) in Canada. Committee on the Status of Endangered Wildlife in Canada. Ottawa.  vi + 30 pp.,https://species-registry.canada.ca/index-en.html#/species?sortBy=commonNameSort&sortDirection=asc&pageSize=10&keywords=northern%20brook%20lamprey%20great%20lakes%20-%20upper%20st.%20lawrence%20populations,8/30/07,2007,0,1,0,Fishes (freshwater),280000,2631,7,1,0,1,Special Concern,ON QC,4/1/07,3/5/09,List,NA,NA,NA,NA,NA,NA,NA,NA,NA,NA,NA,NA,NA,NA,NA,NA,NA,NA,NA,NA,NA,NA,NA,NA,NA,NA,NA,NA,NA,NA,NA,NA,NA,NA,NA,NA,NA,NA,NA,NA,NA,NA,NA,NA,NA,NA,NA,NA,NA,NA,NA,NA,NA,NA,NA,NA,NA,N,N,NA,NA,NA
Lucas,Hossam,705,417,eastern sand darter quebec populations,Ammocrypta pellucida,COSEWIC Status Reports,Threatened,"COSEWIC. 2009. COSEWIC assessment and status report on the Eastern Sand Darter Ammocrypta pellucida, Ontario populations and Quebec populations, in Canada. Committee on the Status of Endangered Wildlife in Canada. Ottawa. vii + 49 pages (pp.)",https://species-registry.canada.ca/index-en.html#/species?sortBy=commonNameSort&sortDirection=asc&pageSize=10&keywords=eastern%20sand%20darter%20quebec%20populations,9/3/10,2009,0,1,0,Fishes (freshwater),14298,684,10,1,0,0,Threatened,QC,11/1/09,6/5/03,NA,"B1ab(i,ii,iii,iv,v) + 2ab(i,ii,iii,iv,v)",NA,NA,NA,NA,NA,NA,NA,NA,NA,NA,NA,NA,NA,NA,NA,NA,NA,NA,NA,NA,NA,NA,NA,NA,NA,NA,NA,NA,NA,NA,NA,NA,NA,NA,NA,NA,NA,NA,NA,NA,NA,NA,NA,NA,NA,NA,NA,NA,NA,NA,NA,NA,NA,NA,NA,NA,Y,N,THR,NA,NA
Aaliyah,,1002,422,shorthead sculpin,Cottus confusus,COSEWIC Status Reports,Special Concern,NA,https://species-registry.canada.ca/index-en.html#/species?sortBy=commonNameSort&sortDirection=asc&pageSize=10&keywords=shorthead%20sculpin,NA,2010,0,1,0,Fishes (freshwater),2572,556,13,1,0,1,Special Concern,BC,11/1/10,6/5/03,Downlist,NA,NA,NA,NA,NA,NA,NA,NA,NA,NA,NA,NA,NA,NA,NA,NA,NA,NA,NA,NA,NA,NA,NA,NA,NA,NA,NA,NA,NA,NA,NA,NA,NA,NA,NA,NA,NA,NA,NA,NA,NA,NA,NA,NA,NA,NA,NA,NA,NA,NA,NA,NA,NA,NA,NA,NA,NA,Y,N,THR,Special concern that meets some criteria for threatened and endangered,resolved-SC-ignore
Caitlin,,970,423,banded killifish newfoundland populations,Fundulus diaphanus,COSEWIC Status Reports,Special Concern,COSEWIC. 2014. COSEWIC assessment and status report on the Banded Killifish Fundulus diaphanus in Canada. Committee on the Status of Endangered Wildlife in Canada. Ottawa. x + 22 pp.,https://species-registry.canada.ca/index-en.html#/species?sortBy=commonNameSort&sortDirection=asc&pageSize=10&keywords=banded%20killifish%20newfoundland%20populations,11/28/14,2014,0,1,0,Fishes (freshwater),73639,48,10,1,0,0,Special Concern,NL,5/1/14,1/12/05,NA,NA,NA,NA,NA,NA,NA,NA,NA,NA,NA,NA,NA,NA,NA,NA,NA,NA,NA,NA,NA,NA,NA,NA,NA,NA,NA,NA,NA,NA,NA,NA,NA,NA,NA,NA,NA,NA,NA,NA,NA,NA,NA,NA,NA,NA,NA,NA,NA,NA,NA,NA,NA,NA,NA,NA,NA,NA,N,NA,NA,NA,NA
Aaliyah,Hossam,524,425,atlantic whitefish,Coregonus huntsmani,COSEWIC Status Reports,Endangered,COSEWIC. 2010. COSEWIC assessment and status report on the Atlantic Whitefish Coregonus huntsmani in Canada. Committee on the Status of Endangered Wildlife in Canada. Ottawa. x + 31 pp.,https://species-registry.canada.ca/index-en.html#/species?sortBy=commonNameSort&sortDirection=asc&pageSize=10&keywords=atlantic%20whitefish,9/9/11,2010,0,1,0,Fishes (freshwater),16,76,1,1,1,0,Endangered,NS,11/1/10,6/5/03,NA,B1ab(iii)+2ab(iii),NA,NA,NA,NA,NA,NA,NA,NA,NA,NA,NA,NA,NA,NA,NA,NA,NA,NA,NA,NA,NA,NA,NA,NA,NA,NA,NA,NA,NA,NA,NA,NA,NA,NA,NA,NA,NA,NA,NA,NA,NA,NA,NA,NA,NA,NA,NA,NA,NA,NA,NA,NA,NA,NA,NA,NA,N,NA,NA,NA,NA
Hossam,,1009,491,bigmouth buffalo saskatchewan-nelson river populations,Ictiobus cyprinellus,COSEWIC Status Reports,Special Concern,NA,https://species-registry.canada.ca/index-en.html#/species?sortBy=commonNameSort&sortDirection=asc&pageSize=10&keywords=bigmouth%20buffalo%20saskatchewan%20-%20nelson%20river%20populations,NA,2009,0,1,0,Fishes (freshwater),100000,2396,3,1,0,1,Special Concern,SK MB,4/1/09,6/23/11,List,NA,NA,NA,NA,NA,Habitat suitability model describes ideal habitat conditions for both riverine and lacustrine populations,distributional,HAB,N,NRP,NRP,Edwards (1983),GL,NA,Y,N - flag (IAO calculated using 2kmx2km grids page 19),N,Model estimate not reported in tehcnical summar  (IAO calculated using 2kmx2km grids page 19),NA,NA,NA,NA,NA,NA,NA,NA,NA,NA,NA,NA,NA,NA,NA,NA,NA,NA,NA,NA,NA,NA,NA,NA,NA,NA,NA,NA,NA,NA,NA,NA,NA,NA,NA,NA,NA,NA,NA,NA,NA,NA,NA,resolved-SC-ignore
Lucas,,,,eastern sand darter quebec populations,Ammocrypta pellucida,COSEWIC Status Reports,Threatened,"COSEWIC. 2022. COSEWIC assessment and status report on the Eastern Sand Darter Ammocrypta pellucida, Southwestern Ontario population, Quebec population and West Lake population in Canada. Committee on the Status of Endangered Wildlife in Canada. Ottawa. xxi + 74 pp.",https://species-registry.canada.ca/index-en.html#/species?sortBy=commonNameSort&sortDirection=asc&pageSize=10&keywords=eastern%20sand%20darter%20quebec%20populations,4/11/24,2022,0,1,0,Fishes (freshwater),,,,,,,Special Concern,,,,,NA,NA,NA,NA,NA,NA,NA,NA,NA,NA,NA,NA,NA,NA,NA,NA,NA,NA,NA,NA,NA,NA,NA,NA,NA,NA,NA,NA,NA,NA,NA,NA,NA,NA,NA,NA,NA,NA,NA,NA,NA,NA,NA,NA,NA,NA,NA,NA,NA,NA,NA,NA,NA,NA,NA,NA,NA,Y,N,THR,NA,NA
Lucas/Caitlin,Jayme,873,156,white shark atlantic population,Carcharodon carcharias,COSEWIC Status Reports,Endangered,COSEWIC 2006. COSEWIC assessment and status report on the White Shark Carcharodon carcharias(Atlantic and Pacific populations) in Canada. Committee on the Status of Endangered Wildlife in Canada. Ottawa.  vii + 31 pp.,https://species-registry.canada.ca/index-en.html#/species?sortBy=commonNameSort&sortDirection=asc&pageSize=10&keywords=white%20shark%20atlantic%20population,8/30/06,2006,0,1,0,Fishes (marine),NR,NR,NR,0,0,1,Endangered,Atlantic_Ocean,4/1/06,6/23/11,List,A2b,NA,NA,NA,NA,relative abundance model based on cach per unit effort,abundance,POP,Y,CI,LOW,"Baum, J.K., R.A. Myers, D.G. Kehler, B. Worm, S.J. Harley, and P.A. Doherty. 2003. Collapse and conservation of shark populations in the northwest Atlantic. Science 299:389-392",PR,cited clearly,Y,A,Y,"model estimate reported in technical summary, RFD and applicability of criteria",NA,NA,NA,NA,NA,NA,NA,NA,NA,NA,NA,NA,NA,NA,NA,NA,NA,NA,NA,NA,NA,NA,NA,NA,NA,NA,NA,NA,NA,NA,NA,NA,NA,NA,NA,NA,NA,NA,NA,N,N,NA,NA,NA
Aaliyah,,961,158,bluntnose sixgill shark,Hexanchus griseus,COSEWIC Status Reports,Special Concern,COSEWIC 2007. COSEWIC assessment and status report on the bluntnose sixgill shark Hexanchus griseus in Canada. Committee on the Status of Endangered Wildlife in Canada. Ottawa. vii + 33 pp.,https://species-registry.canada.ca/index-en.html#/species?sortBy=commonNameSort&sortDirection=asc&pageSize=10&keywords=bluntnose%20sixgill%20shark,8/30/07,2007,0,1,0,Fishes (marine),133139,NR,NR,0,0,1,Special Concern,Pacific_Ocean,4/1/07,3/5/09,List,NA,NA,NA,NA,NA,NA,NA,NA,NA,NA,NA,NA,NA,NA,NA,NA,NA,NA,NA,NA,NA,NA,NA,NA,NA,NA,NA,NA,NA,NA,NA,NA,NA,NA,NA,NA,NA,NA,NA,NA,NA,NA,NA,NA,NA,NA,NA,NA,NA,NA,NA,NA,NA,NA,NA,NA,NA,N,NA,NA,NA,NA
Lucas,,972,159,rougheye rockfish type i,Sebastes sp.type 1,COSEWIC Status Reports,Special Concern,COSEWIC 2007. COSEWIC assessment and status report on the rougheye rockfish Sebastes sp. type I and Sebastes sp. type II in Canada. Committee on the Status of Endangered Wildlife in Canada. Ottawa.  viii + 36 pp.,https://species-registry.canada.ca/index-en.html#/species?sortBy=commonNameSort&sortDirection=asc&pageSize=10&keywords=rougheye%20rockfish%20type%20i,8/29/07,2007,0,1,0,Fishes (marine),37000,35000,NR,0,0,1,Special Concern,Pacific_Ocean,4/1/07,3/5/09,List,NA,NA,NA,NA,NA,catch-curve analysis to estimate total mortality,flag-demographic?,BIO,"flag- is this uncertainty?: ""Commercial age proportions in 1996 yield essentially the same estimate of Z with mean 0.045 and 95% limits (0.038,0.054). In 2003, the shift in age classes yields a posterior distribution of Z with mean 0.091 and 95% limits (0.072, 0.107)",see flag,see flag,"Haigh, R., Olsen, N., and Starr, P. 2005. A review of rougheye rockfish Sebastes aleutianus along the Pacific coast of Canada: biology, distribution, and abundance trends. Canadian Science Advisory Secretariat, Research Document 2005/096.",GL,Canadian Science Advisory Secretariat research document,Y,flag- not informing a criteria but they specifically mention this output in the RFD and it is a SC species,"flag-see flag, I would argue yes it was considered because the output from this model is explicitly mentioned in RFD, and it is a SC species so it seems likely that this was considered in listing as SC because no criteria were met",see flags,"Abundance index from trawl survey for rougheye rockfish species pair in Queen Charlotte Sound. Index is standardized to 2003. Vertical bars indicate 90% confidence intervals from 1,000 simulated index estimates. Source: Haigh et al. (2005).",abundance,POP,Y,CI,flag-CI on graph only,"Haigh, R., Olsen, N., and Starr, P. 2005. A review of rougheye rockfish Sebastes aleutianus along the Pacific coast of Canada: biology, distribution, and abundance trends. Canadian Science Advisory Secretariat, Research Document 2005/096.",GL,Canadian Science Advisory Secretariat research document,Y,A,Y,"flag-they report several indices of abundance, and then under criteria A they say: ""Not met - no indications of decline in available abundance indices."" so to me this means the model was applied to criteria A, and informed the decision to not list under criteria A","flag- these are two indices, but the Queen Charlotte Sound one is for different years than the other queen charlotte sound index- I think we could probably lump those two together but right now we only have 4 model entry spots and there is one more model to describe after thisFigure 15. Relative abundance index for rougheye rockfish species pair from shrimp trawl surveys in waters off the WCVI (left) and Queen Charlotte Sound (right). Vertical bars indicate 90% confidence intervals from 1,000 simulated estimates. Source: Haigh et al. (2005).",abundance,POP,Y,CI,flag- CI reported on graph only,"Haigh, R., Olsen, N., and Starr, P. 2005. A review of rougheye rockfish Sebastes aleutianus along the Pacific coast of Canada: biology, distribution, and abundance trends. Canadian Science Advisory Secretariat, Research Document 2005/096.",GL,Canadian Science Advisory Secretariat research document,Y,A,Y,"flag-they report several indices of abundance, and then under criteria A they say: ""Not met - no indications of decline in available abundance indices."" so to me this means the model was applied to criteria A, and informed the decision to not list under criteria A","GLM-Haigh et al. (2005) analyze commercial catch data for rougheye rockfishes from the DFO PacHarvTrawl database using two general linear regression models (GLM): one assuming a log-normal distribution based on non-zero catches of rougheye rockfishes, and the other assuming a binomial distribution based on the presence/absence of this species pair in the catch.",abundance,POP,Y,CI,flag-on graph only,"Haigh, R., Olsen, N., and Starr, P. 2005. A review of rougheye rockfish Sebastes aleutianus along the Pacific coast of Canada: biology, distribution, and abundance trends. Canadian Science Advisory Secretariat, Research Document 2005/096.",GL,Canadian Science Advisory Secretariat research document,Y,A,Y,"flag-they report several indices of abundance, and then under criteria A they say: ""Not met - no indications of decline in available abundance indices."" so to me this means the model was applied to criteria A, and informed the decision to not list under criteria A",Y,Y,"OTH, DIS, HAB, BIO, POP","flag- this one has a lot going on, struggling with how to handle it- also reports some models individually then together so unsure exactly how to handle, also a SC species ",resolved-SC-ignore
Caitlin,,973,160,rougheye rockfish type ii,Sebastes sp.type 2,COSEWIC Status Reports,Special Concern,COSEWIC 2007. COSEWIC assessment and status report on the rougheye rockfish Sebastes sp. type I and Sebastes sp. type II in Canada. Committee on the Status of Endangered Wildlife in Canada. Ottawa.  viii + 36 pp.,https://species-registry.canada.ca/index-en.html#/species?sortBy=commonNameSort&sortDirection=asc&pageSize=10&keywords=rougheye%20rockfish%20type%20ii,8/29/07,2007,0,1,0,Fishes (marine),37000,35000,NR,0,0,1,Special Concern,Pacific_Ocean,4/1/07,3/5/09,List,NA,NA,NA,NA,NA,"OM, Distribution “inferred from commercial ground fish trawl and longline catch rates for fisheries that target this entity at depths ranging from 0-800 m from 1996-2004”",distributional,DIS,N,NA,NA,"Haigh, R., Olsen, N., and Starr, P. 2005. A review of rougheye rockfis…along the Pacific coast of Canada: biology, distribution, and abundance trends. Canadian Science Advisory Secretariat, Research Document 2005/096",GL,Research document,Y,B,N,"Under B, does not meet threshold for EOO (which this model establishes)","“Abundance index from trawl for rougheye rockfish species pair in Queen Charlotte Sound. Index is standardized to 2003. Vertical bars indicate 90% confidence intervals from 1,000 simulated index estimates”",abundance,POP,Y,CI,FLAG- CI shown on graph but not explicitly reported,"Haigh, R., Olsen, N., and Starr, P. 2005. A review of rougheye rockfis…along the Pacific coast of Canada: biology, distribution, and abundance trends. Canadian Science Advisory Secretariat, Research Document 2005/096",GL,NA,Y,A,N,"models abundance in a particular area, which is referenced in criteria A (no indications of decline in available abundance indices)","GLM analysis of biomass “Three relative biomass indices for roughly rockfish species pair from US National Marine Fisheries Service biannual ground fish survey…with 95% bias corrected error bars estimated from 5,000 bootstraps",abundance,POP,Y,CI,Flag- CI bars on graph but not explicitly stated in text,"Haigh, R., Olsen, N., and Starr, P. 2005. A review of rougheye rockfish…along the Pacific coast of Canada: biology, distribution, and abundance trends. Canadian Science Advisory Secretariat, Research Document 2005/096",GL,NA,Y,A,N,"models abundance in a particular area, which is referenced in criteria A (no indications of decline in available abundance indices)","Regression model
 “Comparison of two sets of CPUE indices each based on different regression model assumptions for each of three areas. Each series has been standardized relative to the geometric mean of the period. The error bars show 95% confidence bounds",abundance,POP,Y,CI,Flag- CI bars on graph but not explicitly stated in text,"Haigh, R., Olsen, N., and Starr, P. 2005. A review of rougheye rockfis…along the Pacific coast of Canada: biology, distribution, and abundance trends. Canadian Science Advisory Secretariat, Research Document 2005/096",GL,NA,Y,A,N,"models abundance in a particular area, which is referenced in criteria A (no indications of decline in available abundance indices)",Y,N,"POP, BIO",flag- species listed as EN but didnt meet any EN criteria- met C1 for threatened,resolved-SC-ignore
Hossam,Jayme,574,166,spotted wolffish,Anarhichas minor,COSEWIC Status Reports,Threatened,NA,https://species-registry.canada.ca/index-en.html#/species?sortBy=commonNameSort&sortDirection=asc&pageSize=10&keywords=spotted%20wolffish,NA,2012,0,1,0,Fishes (marine),1664000,14900,NR,0,0,1,Threatened,Arctic_Ocean Atlantic_Ocean,11/1/12,6/5/03,NA,A1b,NA,NA,NA,NA,NA,NA,NA,NA,NA,NA,NA,NA,NA,NA,NA,NA,NA,NA,NA,NA,NA,NA,NA,NA,NA,NA,NA,NA,NA,NA,NA,NA,NA,NA,NA,NA,NA,NA,NA,NA,NA,NA,NA,NA,NA,NA,NA,NA,NA,NA,NA,NA,NA,NA,NA,NA,N,N,NA,NA,NA
Caitlin,,971,207,longspine thornyhead,Sebastolobus altivelis,COSEWIC Status Reports,Special Concern,COSEWIC 2007. COSEWIC assessment and status report on the longspine thornyhead Sebastolobus altivelisin Canada. Committee on the Status of Endangered Wildlife in Canada. Ottawa.  vi + 27 pp.,https://species-registry.canada.ca/index-en.html#/species?sortBy=commonNameSort&sortDirection=asc&pageSize=10&keywords=longspine%20thornyhead,8/29/07,2007,0,1,0,Fishes (marine),17775,11700,NR,1,0,1,Special Concern,Pacific_Ocean,4/1/07,3/5/09,List,NA,NA,NA,NA,NA,OM based on trawling information and usual depth /habitat of longspine thorny head ,distributional,"DIS, HAB",N,NRP,NRP,"Haigh, R., Olsen, N., and Starr, P. 2005. A review of longspine thorny head Sebastobolus altivelis along the Pacific coast of Canada: biology, distribution, and abundance trends. Canadian Stock Assessment Advisory, Research Document 2005/097. 38 pp. http://www.dfo-mpo.gc.ca/csas/csas/publications/resdocs-docrech/2005/2005_097_e.htm",GL,Research report,Y,B,N,"Under B, does not meet threshold for EOO (which this model establishes)",GLM regression “Longspine thorny head catch/effort data …declining trends of relative CPUE beginning from the first year of each fishery,abundance,POP,N,NRP,NRP,"Haigh, R., Olsen, N., and Starr, P. 2005. A review of longspine thorny head Sebastobolus altivelis along the Pacific coast of Canada: biology, distribution, and abundance trends. Canadian Stock Assessment Advisory, Research Document 2005/097. 38 pp. http://www.dfo-mpo.gc.ca/csas/csas/publications/resdocs-docrech/2005/2005_097_e.htm",GL,NA,Y,A,N,"Model measures population decline, and Table states under A: May meet criterion A2b for endangered but there is a lack of confidence in the indicators used to measure decline",Abundance indices comparison “assessed a WCVI survey targeting longspine thorny heads…can compared it with commercially available indices…showed no trend over three years of the survey”,abundance,POP,N,NRP,NRP,"Schnute, J., R. Haigh, B. Krishna, A. Sinclair, and P. Starr. 2004. The British Columbia longspine thorny head fishery: analysis of survey and commercial data (1996-2003). Canadian Science Advisory Secretariat, Research Document 2004/059. 75 pp. ",GL,NA,Y,A,N,"Model measures population decline, and Table states under A: May meet criterion A2b for endangered but there is a lack of confidence in the indicators used to measure decline",NA,NA,NA,NA,NA,NA,NA,NA,NA,NA,NA,NA,NA,N,NA,NA,NA,NA
Caitlin/Hossam,Jayme,78,327,cryptic paw lichen,Nephroma occultum,COSEWIC Status Reports,Special Concern,COSEWIC. 2019. COSEWIC assessment and status report on the Cryptic Paw Lichen Nephroma occultum in Canada. Committee on the Status of Endangered Wildlife in Canada. Ottawa. xiv + 67 pp.,https://species-registry.canada.ca/index-en.html#/species?sortBy=commonNameSort&sortDirection=asc&pageSize=10&keywords=cryptic%20paw%20lichen,1/16/20,2019,0,1,0,Lichens,"445,123 km2",> 304 km2,3 to 78,1,0,1,Threatened,BC,5/1/19,12/13/07,NA,A3c+4c,NA,NA,NA,NA,describes harvest of host tree species over 140 years (showing harvest will reach zero in old growth stands). Forecast harvest availability by tree species volume in the Mid Coast TSA THLB (the THLB is 13 percent of the total forest area). ,other,HAB,N,NRP,NRP,"British Columbia Ministry of Forests, Lands, and Natural Resource Operations, West Coast Region, and Forest Analysis and Inventory Branch, Ministry of Forests, Mines and Lands. 2011. Summary of Cedar Management Considerations for Coastal British Columbia Discussion Draft. March. 13 pages. https://www.for.gov.bc.ca/rco/stewardship/crit/docs/Coast%20Cedar%20Discusio n%20Paper%2018Mar2011.pdf (Accessed Mar. 8, 2016). ",GL,NA,N,A,Y,Used in listing decision because “projected declines in available habitat as a result of forestry activities” under A,"Habitat-based model, estimates abundance. Decline calculations were based on the number of thalli remaining in each region after direct and indirect habitat loss factors were applied. In summary, the overall percentage decline in the population of N. occultum in all regions is assessed at more than 30%. It could be much higher than this, and as much as 62% for the Northwestern subpopulation, 77% for the Interior subpopulation and 82% for the Coastal subpopulation (Table 4). The current estimated total number of mature individuals (abundance) of N. occultum predicted from habitat-based models is 11,202. ",abundance,POP,N,NRP,NRP,NRP,NEW,"No reference, seems like COSEWIC produced this one",Y,A,Y,Used in listing decision because “projected declines in available habitat as a result of forestry activities” under A,"Current climate projections for the B.C. interior suggest that many of the more southern Interior Cedar-Hemlock (ICH) biogeoclimatic zone forest stands will cease to exist, while the climate envelope for many others will migrate upslope into nutrient poor, rocky habitats ",other,THR,N,NRP,NRP,"Stevenson, S.K., H. Armleder, A. Arsenault, D. Coxson, C. DeLong, and M. Jull. 2011. Ecology, Conservation, and Management of British Columbia’s Inland Rainforest. UBC Press. 454 pages. ",PR,NA,N,A,Y,Used in listing decision because “This decline may increase as a result of impact of climate change” under A,"Climate B.C. estimates for 2055, using the HadGEM2-ES_RCP45 model, predict that mid-summer conditions in the N. occultum collection sites near Kispiox (Northwestern region) will be even drier and warmer than those of the Dome Creek (Interior region) collection sites",other,THR,N,NRP,NRP,"Wang, T., A. Hamann, D. Spittlehouse, and T.N. Murdock. 2012b. ClimateWNA – Highresolution spatial climate data for western North America. Journal of Applied Meteorology and Climatology 61: 16-29. ",PR,NA,N,A,Y,Used in listing decision because “This decline may increase as a result of impact of climate change”,Y,N,THR,NA,NA
Aaliyah,,1018,26,blue felt lichen,Degelia plumbea,COSEWIC Status Reports,Special Concern,NA,https://species-registry.canada.ca/index-en.html#/species?sortBy=commonNameSort&sortDirection=asc&pageSize=10&keywords=blue%20felt%20lichen,NA,2010,0,1,0,Lichens,165510,384,100,0,0,0,Special Concern,NB NS NL,11/1/10,6/2/17,List,NA,NA,NA,NA,NA,NA,NA,NA,NA,NA,NA,NA,NA,NA,NA,NA,NA,NA,NA,NA,NA,NA,NA,NA,NA,NA,NA,NA,NA,NA,NA,NA,NA,NA,NA,NA,NA,NA,NA,NA,NA,NA,NA,NA,NA,NA,NA,NA,NA,NA,NA,NA,NA,NA,NA,NA,NA,N,NA,NA,"flag - special concern although meets threshold for EN B2 (IAO) < 500 km2 (actual = 460 km2),
meets only 1 subcriterion a-c as follows. Does not meet threshold for B2a (the species is not severely fragmented). While there is support for continuing decline observed and inferred (B2b) in (ii) (index of area
of occupancy, (iii) area, extent and/or quality of habitat, (iv) number of locations, and (v) number of mature
individuals, does not meet threshold for B2c (no extreme fluctuations).",resolved-criteria discrepancy
Hossam,,1004,58,western waterfan,Peltigera gowardii,COSEWIC Status Reports,Special Concern,COSEWIC. 2013. COSEWIC assessment and status report on the Western Waterfan Peltigera gowardii in Canada. Committee on the Status of Endangered Wildlife in Canada. Ottawa. xi + 39 pp.,https://species-registry.canada.ca/index-en.html#/species?sortBy=commonNameSort&sortDirection=asc&pageSize=10&keywords=western%20waterfan,10/20/14,2013,0,1,0,Lichens,116200,24,5,1,0,0,Special Concern,BC,11/1/13,2/2/18,List,exclude,exclude,exclude,exclude,exclude,exclude,exclude,exclude,exclude,exclude,exclude,exclude,exclude,exclude,exclude,exclude,exclude,exclude,exclude,exclude,exclude,exclude,exclude,exclude,exclude,exclude,exclude,exclude,exclude,exclude,exclude,exclude,exclude,exclude,exclude,exclude,exclude,exclude,exclude,exclude,exclude,exclude,exclude,exclude,exclude,exclude,exclude,exclude,exclude,exclude,exclude,exclude,exclude,exclude,exclude,exclude,exclude,exclude,exclude,exclude,exclude,NA
Hossam,Jayme,847,96,eastern waterfan,Peltigera hydrothyria,COSEWIC Status Reports,Threatened,COSEWIC. 2013. COSEWIC assessment and status report on the Eastern Waterfan Peltigera hydrothyria in Canada. Committee on the Status of Endangered Wildlife in Canada. Ottawa. xi + 46 pp,https://species-registry.canada.ca/index-en.html#/species?sortBy=commonNameSort&sortDirection=asc&pageSize=10&keywords=eastern%20waterfan,10/16/14,2013,0,1,0,Lichens,96800,36,7,1,0,1,Threatened,QC NB NS,11/1/13,2/2/18,List,C2a(i),NA,NA,NA,NA,NA,NA,NA,NA,NA,NA,NA,NA,NA,NA,NA,NA,NA,NA,NA,NA,NA,NA,NA,NA,NA,NA,NA,NA,NA,NA,NA,NA,NA,NA,NA,NA,NA,NA,NA,NA,NA,NA,NA,NA,NA,NA,NA,NA,NA,NA,NA,NA,NA,NA,NA,NA,Y,Y,THR,NA,NA
Hossam,,575,122,boreal felt lichen boreal population,Erioderma pedicellatum,COSEWIC Status Reports,Special Concern,"COSEWIC. 2014. COSEWIC assessment and status report on the Boreal Felt Lichen Erioderma pedicellatum, Boreal population and Atlantic population, in Canada. Committee on the Status of Endangered Wildlife in Canada. Ottawa. xiv + 66 pp.",https://species-registry.canada.ca/index-en.html#/species?sortBy=commonNameSort&sortDirection=asc&pageSize=10&keywords=boreal%20felt%20lichen%20boreal%20population,12/11/15,2014,0,1,0,Lichens,74581,740,NR,0,0,0,Special Concern,NL,11/1/14,1/12/05,NA,NA,NA,NA,NA,NA,Autological regression model,abundance,POP,N,NRP,NRP,NRP,NRP,Poor referencing - see page 27,Y,N,N,Special concern,NA,NA,NA,NA,NA,NA,NA,NA,NA,NA,NA,NA,NA,NA,NA,NA,NA,NA,NA,NA,NA,NA,NA,NA,NA,NA,NA,NA,NA,NA,NA,NA,NA,NA,NA,NA,NA,NA,NA,Y,N,THR,NA,NA
Lucas,,958,327,cryptic paw lichen,Nephroma occultum,COSEWIC Status Reports,Special Concern,COSEWIC 2006. COSEWIC assessment and update status report on the cryptic paw Nephroma occultum in Canada. Committee on the Status of Endangered Wildlife in Canada. Ottawa. vi + 28 pp.,https://species-registry.canada.ca/index-en.html#/species?sortBy=commonNameSort&sortDirection=asc&pageSize=10&keywords=cryptic%20paw%20lichen,8/29/06,2006,0,1,0,Lichens,489000,1125,45,1,0,1,Special Concern,BC,4/1/06,12/13/07,NA,NA,NA,NA,NA,NA,NA,NA,NA,NA,NA,NA,NA,NA,NA,NA,NA,NA,NA,NA,NA,NA,NA,NA,NA,NA,NA,NA,NA,NA,NA,NA,NA,NA,NA,NA,NA,NA,NA,NA,NA,NA,NA,NA,NA,NA,NA,NA,NA,NA,NA,NA,NA,NA,NA,NA,NA,NA,Y,N,HAB,"flag- climate models appear to implicitly inform SC status under RFD- also discrepancy: ""Criterion B: (Small Distribution, and Decline or Fluctuation): Not known. Although the species meets AO criteria for Endangered and Threatened, and a continuing decline can be shown for area, extent and/or quality of habitat, there is uncertainty on decline in population size, fluctuation, and fragmentation""",resolved-SC-ignore
Aaliyah,Hossam,780,482,seaside bone lichen,Hypogymnia heterophylla,COSEWIC Status Reports,Threatened,COSEWIC. 2008. COSEWIC assessment and update status report on the seaside bone Hypogymnia heterophylla in Canada. Committee on the Status of Endangered Wildlife in Canada. Ottawa. vi + 20 pp.,https://species-registry.canada.ca/index-en.html#/species?sortBy=commonNameSort&sortDirection=asc&pageSize=10&keywords=seaside%20bone%20lichen,8/28/08,2008,0,1,0,Lichens,8.7,8,4,1,0,0,Threatened,BC,4/1/08,2/23/10,List,D2,NA,NA,NA,NA,NA,NA,NA,NA,NA,NA,NA,NA,NA,NA,NA,NA,NA,NA,NA,NA,NA,NA,NA,NA,NA,NA,NA,NA,NA,NA,NA,NA,NA,NA,NA,NA,NA,NA,NA,NA,NA,NA,NA,NA,NA,NA,NA,NA,NA,NA,NA,NA,NA,NA,NA,NA,Y,Y,THR,NA,NA
Caitlin,Hossam,856,489,batwing vinyl lichen,Leptogium platynum,COSEWIC Status Reports,Endangered,NA,https://species-registry.canada.ca/index-en.html#/species?sortBy=commonNameSort&sortDirection=asc&pageSize=10&keywords=batwing%20vinyl%20lichen,NA,2011,0,1,0,Lichens,507,16,4,1,0,0,Endangered,BC,5/1/11,2/3/17,List,"B1ab(I,ii,iii,iv,v)+2ab(I,ii,iii,iv,v)",NA,NA,NA,NA,NA,NA,NA,NA,NA,NA,NA,NA,NA,NA,NA,NA,NA,NA,NA,NA,NA,NA,NA,NA,NA,NA,NA,NA,NA,NA,NA,NA,NA,NA,NA,NA,NA,NA,NA,NA,NA,NA,NA,NA,NA,NA,NA,NA,NA,NA,NA,NA,NA,NA,NA,NA,Y,N,THR,NA,NA
Lucas,,1017,495,peacock vinyl lichen,Leptogium polycarpum,COSEWIC Status Reports,Special Concern,NA,https://species-registry.canada.ca/index-en.html#/species?sortBy=commonNameSort&sortDirection=asc&pageSize=10&keywords=peacock%20vinyl%20lichen,NA,2011,0,1,0,Lichens,86820,64,13,1,0,1,Special Concern,BC,5/1/11,2/3/17,List,NA,NA,NA,NA,NA,NA,NA,NA,NA,NA,NA,NA,NA,NA,NA,NA,NA,NA,NA,NA,NA,NA,NA,NA,NA,NA,NA,NA,NA,NA,NA,NA,NA,NA,NA,NA,NA,NA,NA,NA,NA,NA,NA,NA,NA,NA,NA,NA,NA,NA,NA,NA,NA,NA,NA,NA,NA,N,N,NA,"flag- could be an interesting example to bring up at some point in the paper- this species meets EN B2 but does not meet threshold for subcriterion, meets EN for population size but not subcriterion thresholds for C1 or C2, meets criterion for TH D1 but ""there is a possibility that additional sites may be found for the lichen following further search effort; therefore it was decided not to invoke this criterion""",resolved-criteria discrepancy
Caitlin,,108,3,fin whale atlantic population,Balaenoptera physalus,COSEWIC Status Reports,Special Concern,"COSEWIC. 2019. COSEWIC assessment and status report on the Fin Whale Balaenoptera physalus, Atlantic population and Pacific population, in Canada. Committee on the Status of Endangered Wildlife in Canada. Ottawa. xv + 72  pp.",https://species-registry.canada.ca/index-en.html#/species?sortBy=commonNameSort&sortDirection=asc&pageSize=10&keywords=fin%20whale%20atlantic%20population,12/9/19,2019,0,1,0,Mammals (marine),">20,000 km2",">2,000 km2",Unknown,0,0,1,Special Concern,Atlantic_Ocean,5/1/19,8/15/06,NA,NA,NA,NA,NA,NA,"Abundance model measuring population size: ""in 2007, the abundance of Fin Whales in coastal areas of West Greenland was estimated at 4,468 whales""",abundance,POP,Y,CI,HIGH,"Heide-Jørgensen, M.P., K.L., Laidre, M. Simon, M.L. Burt, D.L. Borchers, and M. Rasmussen. 2010. Abundance of Fin Whales in West Greenland in 2007. Journal of Cetacean Resource Management 11(2):83-88. ",PR,NA,Y,"C,D",N,"Special concern species, so not listed. But model estimates number of whales in population (Refers to C and D)","Abundance model measuring population size: ""In the Canadian Atlantic, Lawson and Gosselin (2009) provided an uncorrected estimate of 1,352 Fin Whales (95% CI: 821–2226) from the TNASS aerial survey, which covered shelf waters off the east coast from Labrador to Nova Scotia""",abundance,POP,Y,CI,MED,"Lawson. J.W., and J.-F.Gosselin. 2009. Distribution and preliminary abundance estimates for cetaceans seen during Canada’s marine megafauna survey - A component of the 2007 TNASS. DFO Can. Sci. Advis. Sec. Res. Doc. 2009/031. vi + 28 p. ",GL,Research document from DFO,Y,"C,D",N,"Special concern species, so not listed. But model estimates number of whales in population (Refers to C and D)","some population model: The MICS photo-identification study of Fin Whales in the northern GSL was used to estimate survival, population abundance and trends. For the period 2004 to 2010 the size of the ‘super population’1 was 328 individuals (95% CI: 306–350, excluding calves; Ramp et al. 2014). This is believed to represent a minimum estimate of the number of individuals frequenting the Gulf of St Lawrence in summer ",abundance,POP,Y,CI,LOW,"Ramp, C., J. Delarue, M. Bérubé, P.S. Hammond, R. Sears. 2014. Fin Whale survival and abundance in the Gulf of St. Lawrence, Canada. Endangered Species Research 23:125-132. ",PR,NA,Y,"C,D",N,"Special concern species, so not listed. But model estimates number of whales in population (Refers to C and D)",Population model: subsequent analysis with the data between 2010–2016 confirmed the trend in survival and abundance and the size of the super population was estimated to be 288 (95% CI: 278 – 306)  ,abundance,POP,Y,CI,LOW,"Schleimer A., C. Ramp, J. Delarue, A. Carpentier, M. Bérubé, P.J. Palsbøll, R. Sears, and P.S. Hammond. 2019. Decline in abundance and apparent survival rates of fin whales (Balaenoptera physalus) in the northern Gulf of St. Lawrence. Ecology and Evolution: ece3.505. ",PR,NA,Y,"C,D",N,"Special concern species, so not listed. But model estimates number of whales in population (Refers to C and D)",Y,Y,POP,NA,NA
Hossam,,148,177,harbour seal lacs des loups marins subspecies,Phoca vitulina mellonae,COSEWIC Status Reports,Endangered,COSEWIC. 2018. COSEWIC status appraisal summary on the Harbour Seal Lacs des Loups Marins subspecies Phoca vitulina mellonae in Canada. Committee on the Status of Endangered Wildlife in Canada. Ottawa. xiv pp.,https://species-registry.canada.ca/index-en.html#/species?sortBy=commonNameSort&sortDirection=asc&pageSize=10&keywords=harbour%20seal%20lacs%20des%20loups%20marins%20subspecies,12/31/18,2018,1,1,0,Mammals (marine),900 km2,670 km2,1,1,1,0,Endangered,QC,4/1/18,4/13/17,NA,D1,NA,NA,NA,NA,NA,NA,NA,NA,NA,NA,NA,NA,NA,NA,NA,NA,NA,NA,NA,NA,NA,NA,NA,NA,NA,NA,NA,NA,NA,NA,NA,NA,NA,NA,NA,NA,NA,NA,NA,NA,NA,NA,NA,NA,NA,NA,NA,NA,NA,NA,NA,NA,NA,NA,NA,NA,N,N,NA,NA,NA
Hossam,,560,3,fin whale atlantic population,Balaenoptera physalus,COSEWIC Status Reports,Special Concern,COSEWIC. 2005. COSEWIC assessment and update status report on the fin whale Balaenoptera physalus in Canada. Committee on the Status of Endangered Wildlife in Canada. Ottawa. ix + 37 pp.,https://species-registry.canada.ca/index-en.html#/species?sortBy=commonNameSort&sortDirection=asc&pageSize=10&keywords=fin%20whale%20atlantic%20population,8/12/05,2005,0,1,0,Mammals (marine),20000,20000,NR,0,0,1,Special Concern,Atlantic_Ocean,5/1/05,8/15/06,NA,NA,NA,NA,NA,NA,NA,NA,NA,NA,NA,NA,NA,NA,NA,NA,NA,NA,NA,NA,NA,NA,NA,NA,NA,NA,NA,NA,NA,NA,NA,NA,NA,NA,NA,NA,NA,NA,NA,NA,NA,NA,NA,NA,NA,NA,NA,NA,NA,NA,NA,NA,NA,NA,NA,NA,NA,NA,N,NA,NA,NA,NA
Lucas,Hossam,628,5,killer whale northeast pacific transient population,Orcinus orca,COSEWIC Status Reports,Threatened,"COSEWIC. 2008. COSEWIC assessment and update status report on the Killer Whale Orcinus orca, Southern Resident population, Northern Resident population, West Coast Transient population, Offshore population and Northwest Atlantic / Eastern Arctic population, in Canada. Committee on the Status of Endangered Wildlife in Canada. Ottawa. viii + 65 pp.",https://species-registry.canada.ca/index-en.html#/species?sortBy=commonNameSort&sortDirection=asc&pageSize=10&keywords=killer%20whale%20northeast%20pacific%20transient%20population,8/28/09,2008,0,1,0,Mammals (marine),290000,154986,NR,0,0,1,Threatened,Pacific_Ocean,11/1/08,6/5/03,NA,D1,NA,NA,NA,NA,NA,NA,NA,NA,NA,NA,NA,NA,NA,NA,NA,NA,NA,NA,NA,NA,NA,NA,NA,NA,NA,NA,NA,NA,NA,NA,NA,NA,NA,NA,NA,NA,NA,NA,NA,NA,NA,NA,NA,NA,NA,NA,NA,NA,NA,NA,NA,NA,NA,NA,NA,NA,N,N,NA,"flag- ""Met criterion for Endangered, D1, but designated Threatened, D1, because total abundance has increased since the 1970s""",resolved-criteria discrepancy
Caitlin/Lucas,Jayme,857,7,killer whale northeast pacific southern resident population,Orcinus orca,COSEWIC Status Reports,Endangered,"COSEWIC. 2008. COSEWIC assessment and update status report on the Killer Whale Orcinus orca, Southern Resident population, Northern Resident population, West Coast Transient population, Offshore population and Northwest Atlantic / Eastern Arctic population, in Canada. Committee on the Status of Endangered Wildlife in Canada. Ottawa. viii + 65 pp.",https://species-registry.canada.ca/index-en.html#/species?sortBy=commonNameSort&sortDirection=asc&pageSize=10&keywords=killer%20whale%20northeast%20pacific%20southern%20resident%20population,8/28/09,2008,0,1,0,Mammals (marine),220000,99549,NR,0,0,1,Endangered,Pacific_Ocean,11/1/08,6/5/03,NA,"C2a(i,ii)",D1,NA,NA,NA,"The risk of extinction for Southern Resident Killer Whales has been estimated from population viability analyses but the results provide little insight on the population’s future. It is predicted that if the mortality and reproductive rates of the 1990s persist, there is a 6-100% probability that the population will be extinct within 100 years...",demographic,POP,N,NRP,NRP,"Taylor, M. and B. Plater. 2001. Population viability analysis for the southern resident population of the killer whale Orcinus orca. Centre for Biological Diversity, Tucson, Arizona. 30 p ",GL,some kind of organization report,Y,E,N,PVA was not informative (says so directly in table and in text),"Overall, there was a striking inverse correlation between mortality rates of Resident Killer Whales and abundance of Chinook Salmon during 1979-2004 (R2 =0.763, p < 0.001; Ford et al. 2005b). There was also a significant positive correlation with birth rates during the same period (R2 =0.227, p < 0.05; Ford et al. 2005",demographic,THR,N,NRP,NRP,Ford et al. 2005b,GL,Governement document,Y,C,Y,"species listed under C, ""The population is small and declining, and the decline is expected to continue. Southern residents are limited by the availability of their principal prey, Chinook Salmon. There are forecasts of continued low abundance of Chinook Salmon. Southern residents are also threatened by increasing physical and acoustical disturbance, oil spills and contaminants.",NA,NA,NA,NA,NA,NA,NA,NA,NA,NA,NA,NA,NA,NA,NA,NA,NA,NA,NA,NA,NA,NA,NA,NA,NA,NA,Y,N,THR,NA,NA
Aaliyah,,559,12,blue whale pacific population,Balaenoptera musculus,COSEWIC Status Reports,Endangered,"COSEWIC. 2012. COSEWIC status appraisal summary on the Blue Whale Balaenoptera musculus, Pacific population in Canada. Committee on the Status of Endangered Wildlife in Canada. Ottawa. xii pp.",https://species-registry.canada.ca/index-en.html#/species?sortBy=commonNameSort&sortDirection=asc&pageSize=10&keywords=blue%20whale%20pacific%20population,1/3/13,2012,1,1,0,Mammals (marine),20000,20000,NR,0,0,1,Endangered,Pacific_Ocean,5/1/12,1/12/05,NA,A2abd,D1,NA,NA,NA,NA,NA,NA,NA,NA,NA,NA,NA,NA,NA,NA,NA,NA,NA,NA,NA,NA,NA,NA,NA,NA,NA,NA,NA,NA,NA,NA,NA,NA,NA,NA,NA,NA,NA,NA,NA,NA,NA,NA,NA,NA,NA,NA,NA,NA,NA,NA,NA,NA,NA,NA,NA,N,NA,NA,NA,NA
Hossam,,638,150,north pacific right whale,Eubalaena japonica,COSEWIC Status Reports,Endangered,COSEWIC. 2015. COSEWIC status appraisal summary on the North Pacific Right Whale Eubalaena japonica in Canada. Committee on the Status of Endangered Wildlife in Canada. Ottawa. xiiipp.,https://species-registry.canada.ca/index-en.html#/species?sortBy=commonNameSort&sortDirection=asc&pageSize=10&keywords=north%20pacific%20right%20whale,2/4/16,2015,1,1,0,Mammals (marine),NR,NR,NR,0,0,1,Endangered,Pacific_Ocean,5/1/15,8/15/06,NA,A2abd,D1,NA,NA,NA,[flag - Same model used twice (once using photographs and once via genotyping - two outputs with two different CI are given)] Mark recapture model used to derive population estimate using photographs and genotyping,abundance ,OTH,Y (for both outputs),CI (for both),"MED (for photos), LOW (for genotyping)",Wade et al. (2011a),PR,NA,Y,Y,Y,"Species is listed under criterias A and D. Relevent to criteria A because model estimates population numbers and population reduction listed as >50% under criteria A. Relevant to criteria D because model estimates population numbers and total mature individuals listed as ""unlikely more than 250 individuals over its entire range"" under criteria D.","acoustic cue-counting distance sampling model: ""vocalizations recorded on three autonomous recording instruments moored in the southeastern Bering Sea during 2001–2002 and 2005–2006 were used in an acoustic cue-
counting distance sampling model to obtain an estimate of 25 animals""",abundance,OTH,Y,CI,MED,Marques et al.2011.,PR,NA,Y,"A, D",Y,"Species is listed under criterias A and D. Relevent to criteria A because model estimates population numbers and population reduction listed as >50% under criteria A. Relevant to criteria D because model estimates population numbers and total mature individuals listed as ""unlikely more than 250 individuals over its entire range"" under criteria D. ",NA,NA,NA,NA,NA,NA,NA,NA,NA,NA,NA,NA,NA,NA,NA,NA,NA,NA,NA,NA,NA,NA,NA,NA,NA,NA,Y,N,OTH,flag-one model used twice,"resolved- status appraisal summary, removing from data analysis sheet"
Lucas,,937,153,sea otter,Enhydra lutris,COSEWIC Status Reports,Special Concern,COSEWIC 2007. COSEWIC assessment and update status report on the sea otter Enhydra lutris in Canada. Committee on the Status of Endangered Wildlife in Canada. Ottawa. vii + 36 pp.,https://species-registry.canada.ca/index-en.html#/species?sortBy=commonNameSort&sortDirection=asc&pageSize=10&keywords=sea%20otter,8/30/07,2007,0,1,0,Mammals (marine),10000,10000,2,0,0,1,Special Concern,BC Pacific_Ocean,4/1/07,6/5/03,Downlist,NA,NA,NA,NA,NA,"Vancouver Island Model-counts from 1977 to 2004 resulted in a rate of 15.6% per year along Vancouver Island. A piece-wise regression which allowed for an inflection in the log-linear regression provided a slightly better fit and estimated the growth from 1977 to 1995 to 19.1% per year, and then 8.0% per year
from 1995 to 2004 (Nichol et al. 2005) (Figure 4).",abundance,POP,NRP,NRP,NRP,"Nichol, L.M., J.C. Watson, G.E. Ellis and J.K.B. Ford. 2005. An assessment of abundance and growth of the sea otter (Enhydra lutris) population in British
Columbia. Canadian Science Advisory Secretariat, Research Document #094, Fisheries and Oceans Canada. 27 pp.",GL,govt research doc,Y,A,flag,flag,A simple log-linear regression indicates the population on the central coast grew at 12.4% per year between 1990 and 2004 (Nichol et al. 2005),abundance,POP,NRP,NRP,NRP,"Nichol, L.M., J.C. Watson, G.E. Ellis and J.K.B. Ford. 2005. An assessment of abundance and growth of the sea otter (Enhydra lutris) population in British
Columbia. Canadian Science Advisory Secretariat, Research Document #094, Fisheries and Oceans Canada. 27 pp.",GL,govt research doc,Y,A,flag,flag,NA,NA,NA,NA,NA,NA,NA,NA,NA,NA,NA,NA,NA,NA,NA,NA,NA,NA,NA,NA,NA,NA,NA,NA,NA,NA,Y,Y,"THR,POP","flag- see flags, also from threats section they mention population modelling related to an oil spill, then oil spills referenced in RFD",resolved-SC-ignore
Aaliyah,,968,162,steller sea lion,Eumetopias jubatus,COSEWIC Status Reports,Special Concern,COSEWIC. 2013. COSEWIC assessment and status report on the Steller Sea Lion Eumetopias jubatus in Canada. Committee on the Status of Endangered Wildlife in Canada. Ottawa. xi + 54 pp.,https://species-registry.canada.ca/index-en.html#/species?sortBy=commonNameSort&sortDirection=asc&pageSize=10&keywords=steller%20sea%20lion,10/15/14,2013,0,1,0,Mammals (marine),6500,28,5,0,0,1,Special Concern,BC Pacific_Ocean,11/1/13,7/14/05,NA,exclude,exclude,exclude,exclude,exclude,exclude,exclude,exclude,exclude,exclude,exclude,exclude,exclude,exclude,exclude,exclude,exclude,exclude,exclude,exclude,exclude,exclude,exclude,exclude,exclude,exclude,exclude,exclude,exclude,exclude,exclude,exclude,exclude,exclude,exclude,exclude,exclude,exclude,exclude,exclude,exclude,exclude,exclude,exclude,exclude,exclude,exclude,exclude,exclude,exclude,exclude,exclude,exclude,exclude,exclude,exclude,exclude,exclude,exclude,exclude,exclude,NA
Caitlin,,525,433,sei whale pacific population,Balaenoptera borealis,COSEWIC Status Reports,Endangered,"COSEWIC. 2013. COSEWIC status appraisal summary on the Sei Whale Balaenoptera borealis, Pacific population, in Canada. Committee on the Status of Endangered Wildlife in Canada. Ottawa. xii pp.",https://species-registry.canada.ca/index-en.html#/species?sortBy=commonNameSort&sortDirection=asc&pageSize=10&keywords=sei%20whale%20pacific%20population,12/31/13,2013,1,1,0,Mammals (marine),10000,10000,NR,0,0,1,Endangered,Pacific_Ocean,5/1/13,1/12/05,NA,A2ad,D1 ,NA,NA,NA,NA,NA,NA,NA,NA,NA,NA,NA,NA,NA,NA,NA,NA,NA,NA,NA,NA,NA,NA,NA,NA,NA,NA,NA,NA,NA,NA,NA,NA,NA,NA,NA,NA,NA,NA,NA,NA,NA,NA,NA,NA,NA,NA,NA,NA,NA,NA,NA,NA,NA,NA,NA,N,NA,NA,NA,NA
Lucas,,,,sea otter,Enhydra lutris,COSEWIC Status Reports,Special Concern,COSEWIC. 2022. COSEWIC assessment and status report on the Sea Otter Enhydra lutris in Canada. Committee on the Status of Endangered Wildlife in Canada. Ottawa. xii + 69 pp.,https://species-registry.canada.ca/index-en.html#/species?sortBy=commonNameSort&sortDirection=asc&pageSize=10&keywords=Enhydra%20lutris,3/31/23,2022,0,1,0,Mammals (marine),,,,,,,Special Concern,,,,,NA,NA,NA,NA,NA,piecewise regression,abundance,POP,Y,CI,HIGH,NRP,NEW,"no citation- wording makes it seem like they did it: ""Based on survey data, Nichol et al. (2005) reported the finite growth rate of the Canadian Sea Otter population, estimated from a piecewise regression, to be +20.2% per year from 1977-1994, and +9.4% per year from 1994-2004. The results of a similar regression including data from the more recent counts (2008, 2013, and 2017; Table 2) indicated the rate of population growth slowed after 1995""",Y,A,flag,flag,NA,NA,NA,NA,NA,NA,NA,NA,NA,NA,NA,NA,NA,NA,NA,NA,NA,NA,NA,NA,NA,NA,NA,NA,NA,NA,NA,NA,NA,NA,NA,NA,NA,NA,NA,NA,NA,NA,NA,Y,Y,"POP, THR",flag-SC/listing decision- also population model referred to in threats section related to oil spills which is mentioned in RFD,resolved-SC-ignore
Lucas,Caitlin,61,25,caribou dolphin and union population,Rangifer tarandus,COSEWIC Status Reports,Special Concern,"COSEWIC. 2017. COSEWIC assessment and status report on the Caribou, Dolphin and Union population, Rangifer tarandus, in Canada. Committee on the Status of Endangered Wildlife in Canada. Ottawa. xii + 51 pp.",https://species-registry.canada.ca/index-en.html#/species?sortBy=commonNameSort&sortDirection=asc&pageSize=10&keywords=caribou%20dolphin%20and%20union%20population,10/15/18,2017,0,1,0,Mammals (terrestrial),"499,449 km2","391,292 km2",1,1,1,0,Endangered,NT NU,11/1/17,2/4/11,NA,A2ad+4acd,NA,NA,NA,NA,"Assuming a 7-year generation time, a population trend was extrapolated over three generations (beginning in 2017) by fitting a model based on an exponential rate of decline, using the IUCN Red List Assessment Tool for Criterion A (see IUCN Standards & Petitions Subcommittee 2017). This yielded a three-generation trend estimate of -52% and -52.6% for corrected and uncorrected estimates, respectively. A 9- year generation time suggested higher decline rates (-61.1% and -61.7%) for both estimates.",abundance,POP,Y,SE,flag-graph,NRP,NEW,"""Assuming a 7-year generation time, a population trend was extrapolated over three generations (beginning in 2017) by fitting a model based on an exponential rate of decline, using the IUCN Red List Assessment Tool for Criterion A""",Y,A,Y,model outputs reported under applicability of criterion A,NA,NA,NA,NA,NA,NA,NA,NA,NA,NA,NA,NA,NA,NA,NA,NA,NA,NA,NA,NA,NA,NA,NA,NA,NA,NA,NA,NA,NA,NA,NA,NA,NA,NA,NA,NA,NA,NA,NA,Y,Y,"POP, OTH",NA,NA
Aaliyah,,139,1040,grizzly bear western population,Ursus arctos,COSEWIC Status Reports,Special Concern,COSEWIC. 2012. COSEWIC assessment and status report on the Grizzly Bear Ursus arctos in Canada. Committee on the Status of Endangered Wildlife in Canada. Ottawa. xiv + 84 pp.,https://species-registry.canada.ca/index-en.html#/species?sortBy=commonNameSort&sortDirection=asc&pageSize=10&keywords=grizzly%20bear%20western%20population,1/3/13,2012,0,1,0,Mammals (terrestrial),5370000 km2,2980000 km2,NA,1,0,1,Special Concern,YT NT NU BC AB SK MB,5/1/12,5/30/18,List,exclude,exclude,exclude,exclude,exclude,exclude,exclude,exclude,exclude,exclude,exclude,exclude,exclude,exclude,exclude,exclude,exclude,exclude,exclude,exclude,exclude,exclude,exclude,exclude,exclude,exclude,exclude,exclude,exclude,exclude,exclude,exclude,exclude,exclude,exclude,exclude,exclude,exclude,exclude,exclude,exclude,exclude,exclude,exclude,exclude,exclude,exclude,exclude,exclude,exclude,exclude,exclude,exclude,exclude,exclude,exclude,exclude,exclude,exclude,exclude,exclude,NA
Caitlin/Aaliyah,Jayme,354,187,western harvest mouse dychei subspecies,Reithrodontomys megalotis dychei,COSEWIC Status Reports,Endangered,"COSEWIC. 2020. COSEWIC assessment and status report on the Western Harvest Mouse Reithrodontomys megalotis, megalotis subspecies and dychei subspecies, in Canada. Committee on the Status of Endangered Wildlife in Canada. Ottawa. xv + 37 pp.",https://species-registry.canada.ca/index-en.html#/species?sortBy=commonNameSort&sortDirection=asc&pageSize=10&keywords=western%20harvest%20mouse%20dychei%20subspecies,10/21/20,2019,0,1,0,Mammals (terrestrial),562 km2,164 km2,> 10,1,0,0,Endangered,AB,11/1/19,3/5/09,NA,B1b(v)c(iv)+2b(v)c(iv),NA,NA,NA,NA,NA,NA,NA,NA,NA,NA,NA,NA,NA,NA,NA,NA,NA,NA,NA,NA,NA,NA,NA,NA,NA,NA,NA,NA,NA,NA,NA,NA,NA,NA,NA,NA,NA,NA,NA,NA,NA,NA,NA,NA,NA,NA,NA,NA,NA,NA,NA,NA,NA,NA,NA,NA,Y,Y,"HAB, POP, THR",NA,NA
Lucas,Hossam,699,53,american badger jacksoni subspecies,Taxidea taxus jacksoni,COSEWIC Status Reports,Endangered,COSEWIC. 2012. COSEWIC assessment and status report on the American Badger Taxidea taxus in Canada. Committee on the Status of Endangered Wildlife in Canada. Ottawa. iv + 63 pp.,https://species-registry.canada.ca/index-en.html#/species?sortBy=commonNameSort&sortDirection=asc&pageSize=10&keywords=american%20badger%20jacksoni%20subspecies,11/14/13,2012,0,1,0,Mammals (terrestrial),15438,2000,NR,1,0,1,Endangered,ON,11/1/12,6/5/03,NA,D1,NA,NA,NA,NA,NA,NA,NA,NA,NA,NA,NA,NA,NA,NA,NA,NA,NA,NA,NA,NA,NA,NA,NA,NA,NA,NA,NA,NA,NA,NA,NA,NA,NA,NA,NA,NA,NA,NA,NA,NA,NA,NA,NA,NA,NA,NA,NA,NA,NA,NA,NA,NA,NA,NA,NA,NA,Y,N,OTH,NA,NA
Aaliyah/Caitlin,Jayme,551,62,caribou atlantic-gaspesie population,Rangifer tarandus,COSEWIC Status Reports,Endangered,"COSEWIC. 2014. COSEWIC assessment and status report on the Caribou Rangifer tarandus, Newfoundland population, Atlantic-Gasp√É¬©sie population and Boreal population, in Canada. Committee on the Status of Endangered Wildlife in Canada. Ottawa. xxiii + 128 pp.",https://species-registry.canada.ca/index-en.html#/species?sortBy=commonNameSort&sortDirection=asc&pageSize=10&keywords=caribou%20atlantic%20-%20gaspesie%20population,12/11/15,2014,0,1,0,Mammals (terrestrial),1500,1000,3,1,1,0,Endangered,QC,11/1/14,6/5/03,NA,"B1ab(iii,v)",C2a(i),D1,E,NA,"Population Viability Analysis estimated that if calf recruitment remains at the mean level observed from 2009 to 2011, the average time to extirpation is 20.5 years and all simulation models predict extinction by 2056. Lesmerises (2012) demonstrated that the average time to extinction would be 20.5 years (± 6.7 years) if calf mortality of the GP remains at 89%, which is the mean level reported in 2009-2011. No iteration goes beyond 2057 with this modelling scenario. This PVA suggested that calf survival must remain between 41 and 43%, or approximately 33 calves:100 females to assure sustainability for the next 100 years.",demographic,POP,N,NRP,NRP,"Lesmerises, F. 2012. Analyses de viabilité de la population de caribou des bois (Rangifer tarandus caribou) de la Gaspésie. Rimouski, QC. 34 p.",GL,Looks like goverment document but unsure,Y,E,Y,stated in Criteria table,NA,NA,NA,NA,NA,NA,NA,NA,NA,NA,NA,NA,NA,NA,NA,NA,NA,NA,NA,NA,NA,NA,NA,NA,NA,NA,NA,NA,NA,NA,NA,NA,NA,NA,NA,NA,NA,NA,NA,Y,Y,"THR, OTH",NA,NA
Hossam,,1025,63,american badger taxus subspecies,Taxidea taxus taxus,COSEWIC Status Reports,Special Concern,COSEWIC. 2012. COSEWIC assessment and status report on the American Badger Taxidea taxus in Canada. Committee on the Status of Endangered Wildlife in Canada. Ottawa. iv + 63 pp.,https://species-registry.canada.ca/index-en.html#/species?sortBy=commonNameSort&sortDirection=asc&pageSize=10&keywords=american%20badger%20taxus%20subspecies,11/14/13,2012,0,1,0,Mammals (terrestrial),721096,173000,NR,1,0,1,Special Concern,AB SK MB ON,11/1/12,2/2/18,List,NA,NA,NA,NA,NA,NA,NA,NA,NA,NA,NA,NA,NA,NA,NA,NA,NA,NA,NA,NA,NA,NA,NA,NA,NA,NA,NA,NA,NA,NA,NA,NA,NA,NA,NA,NA,NA,NA,NA,NA,NA,NA,NA,NA,NA,NA,NA,NA,NA,NA,NA,NA,NA,NA,NA,NA,NA,Y,N,"DIS, HAB",NA,NA
Hossam,Jayme,667,54,caribou boreal population,Rangifer tarandus,COSEWIC Status Reports,Threatened,"COSEWIC. 2014. COSEWIC assessment and status report on the Caribou Rangifer tarandus, Newfoundland population, Atlantic-Gasp√É¬©sie population and Boreal population, in Canada. Committee on the Status of Endangered Wildlife in Canada. Ottawa. xxiii + 128 pp.",https://species-registry.canada.ca/index-en.html#/species?sortBy=commonNameSort&sortDirection=asc&pageSize=10&keywords=caribou%20boreal%20population,12/11/15,2014,0,1,0,Mammals (terrestrial),3000000,2450000,NR,1,0,0,Threatened,YT NT BC AB SK MB ON QC NL,11/1/14,6/5/03,NA,A3bc,4abc,NA,NA,NA,NA,NA,NA,NA,NA,NA,NA,NA,NA,NA,NA,NA,NA,NA,NA,NA,NA,NA,NA,NA,NA,NA,NA,NA,NA,NA,NA,NA,NA,NA,NA,NA,NA,NA,NA,NA,NA,NA,NA,NA,NA,NA,NA,NA,NA,NA,NA,NA,NA,NA,NA,NA,Y,Y,"POP, THR",NA,NA
Caitlin/Hossam,Jayme,843,130,vancouver island marmot,Marmota vancouverensis,COSEWIC Status Reports,Endangered,COSEWIC. 2008. COSEWIC assessment and update status report on the Vancouver Island marmot Marmota vancouverensis in Canada. Committee on the Status of Endangered Wildlife in Canada. Ottawa. vii + 29 pp.,https://species-registry.canada.ca/index-en.html#/species?sortBy=commonNameSort&sortDirection=asc&pageSize=10&keywords=vancouver%20island%20marmot,8/28/08,2008,0,1,0,Mammals (terrestrial),170,22,10,1,1,0,Endangered,BC,4/1/08,6/5/03,NA,A2a,C2a(i),D1,NA,NA,"Regression model correcting raw counts with colony specific data; Recently, locally weighted regression (Cleveland 1979) was used to interpolate missing values, using colony-specific data obtained from previous and subsequent years for the same site…Over the last 16 years (1991-2007) or 3 marmot generations, the estimated total population has declined from about 195 to about 85 (Fig. 4), a 56% decline. Because released marmots are excluded from this assessment, however, the 3-generation estimated decline is nearly 80%",abundance,POP,N,NRP,NRP,"Bryant, A.A. 2000. Relative importance of episodic versus chronic mortality in the decline of Vancouver Island marmots (Marmota vancouverensis). Pages 189-195 in: Darling, L.M., (editor): Proceedings of a conference on the biology and management of species and habitats at risk (Kamloops, BC, Feb. 15-19 1999). Volume I. BC Ministry of Environment, Lands and Parks, and University College of the Cariboo, Victoria, B.C.",GL,proceedings from conference,Y,A,Y,"Model used to correct population estimates, which were then used to determine decline of 80% over 3 generations (criterion A)",NA,NA,NA,NA,NA,NA,NA,NA,NA,NA,NA,NA,NA,NA,NA,NA,NA,NA,NA,NA,NA,NA,NA,NA,NA,NA,NA,NA,NA,NA,NA,NA,NA,NA,NA,NA,NA,NA,NA,N,NA,NA,NA,NA
Caitlin,Aaliyah,740,245,tri-colored bat,Perimyotis subflavus,COSEWIC Status Reports,Endangered,NA,https://species-registry.canada.ca/index-en.html#/species?sortBy=commonNameSort&sortDirection=asc&pageSize=10&keywords=tri%20-%20colored%20bat,NA,2013,0,1,0,Mammals (terrestrial),20000,2000,1,1,0,1,Endangered,ON QC NB NS,11/1/13,11/26/14,NA,A2abe+3be+4abe ,NA,NA,NA,NA,"In the US, simulation modelling based on dispersal, cave location, climate, and distance predicted that WNS will first reach the Rocky Mountains in 2015 and Pacific coast in 2031 (18 yrs), with the slowest infection along Mexican border. There is no evidence to suggest different results between Canada and US. ",other,THR,N,NRP,NRP,"Maher, S., et al. 2012. Spread of white-nose syndrome on a network regulated by
geography and climate. Nature Communications 3:1306/DOI:10.1038/ncomms2301.",PR,NA,N,"A,D",N,"Although this species is listed under A, the table specifically says that certain sub-criteria relating to WNS in hibernacula do not apply bc they were not used to directly infer population size","some kind of demography model. For P. subflavus, the modelling by Langwig et al. (2012) suggests that <6 P. subflavus in a hibernaculum may be below a threshold of risk of transmission. However, the model was based on data as of April 2010 when some hibernacula still had higher survival rates and some caves were uninfected ",demographic,THR,N,NRP,NRP,"Langwig, K., W. Frick, J. Bried, A. Hicks, T. Kunz, and A. Kilpatrick. 2012. Sociality,
density-dependence and microclimates determine the persistence of populations
suffering from a novel fungal disease, white-nose syndrome. Ecology Letters
doi:10.1111/j.1461-0248.2012.1829.",PR,NA,Y,"A,D",N,"Demographic model informs how detrimental WNS is for spread among tri-colored bats using number of adults in typical hibernaculum. A and D both refer to WNS affecting population, but are not used to directly estimate population (therefore not listed under correct criterion under A)",NA,NA,NA,NA,NA,NA,NA,NA,NA,NA,NA,NA,NA,NA,NA,NA,NA,NA,NA,NA,NA,NA,NA,NA,NA,NA,Y,N,POP,"flag- come back to this one, I was so exhausted when I did this",resolved
Hossam,,998,307,polar bear,Ursus maritimus,COSEWIC Status Reports,Special Concern,"COSEWIC. 2008. COSEWIC assessment and update status report on the polar bear Ursus maritimus in Canada. Committee on the Status of Endangered Wildlife in Canada, Ottawa. vii + 75 pp.",https://species-registry.canada.ca/index-en.html#/species?sortBy=commonNameSort&sortDirection=asc&pageSize=10&keywords=polar%20bear,8/28/08,2008,0,1,0,Mammals (terrestrial),9100000,5600000,1,1,0,1,Special Concern,YT NT NU MB ON QC NL Arctic_Ocean,4/1/08,10/27/11,NA,exclude,exclude,exclude,exclude,exclude,exclude,exclude,exclude,exclude,exclude,exclude,exclude,exclude,exclude,exclude,exclude,exclude,exclude,exclude,exclude,exclude,exclude,exclude,exclude,exclude,exclude,exclude,exclude,exclude,exclude,exclude,exclude,exclude,exclude,exclude,exclude,exclude,exclude,exclude,exclude,exclude,exclude,exclude,exclude,exclude,exclude,exclude,exclude,exclude,exclude,exclude,exclude,exclude,exclude,exclude,exclude,exclude,exclude,exclude,exclude,exclude,NA
Caitlin,,921,337,woodland vole,Microtus pinetorum,COSEWIC Status Reports,Special Concern,COSEWIC. 2010. COSEWIC assessment and status report on the Woodland Vole Microtus pinetorum in Canada. Committee on the Status of Endangered Wildlife in Canada. Ottawa. x + 35 pp.,https://species-registry.canada.ca/index-en.html#/species?sortBy=commonNameSort&sortDirection=asc&pageSize=10&keywords=woodland%20vole,9/9/11,2010,0,1,0,Mammals (terrestrial),37016,148,10,1,0,1,Special Concern,ON QC,11/1/10,6/5/03,NA,NA,NA,NA,NA,NA,"Habitat suitability model in Ontario using northern range limit, forest cover, soil drainage. Model identified 280,440 ha of potentially suitable habitat ",distributional,HAB,N,NRP,NRP,"Bowman, J., K.R. Middel, and J.R. Johnson. 2004. A landscape-based model of capable woodland vole habitats in Ontario. Ontario Ministry of Natural Resources, Government of Ontario, Peterborough, Ontario. 6pp. ",GL,Government report,Y,B,N,"Criterion B mentions that there ""is probably more suitable habitat"" so I would argue that this habitat suitability model is relevant here",NA,NA,NA,NA,NA,NA,NA,NA,NA,NA,NA,NA,NA,NA,NA,NA,NA,NA,NA,NA,NA,NA,NA,NA,NA,NA,NA,NA,NA,NA,NA,NA,NA,NA,NA,NA,NA,NA,NA,N,NA,NA,NA,NA
Lucas,Hossam,799,348,pallid bat,Antrozous pallidus,COSEWIC Status Reports,Threatened,COSEWIC. 2000. COSEWIC assessment and update status report on the Pallid Bat Antrozous pallidus in Canada. Committee on the Status of Endangered Wildlife in Canada. Ottawa. v + 18 pp.,https://species-registry.canada.ca/index-en.html#/species?sortBy=commonNameSort&sortDirection=asc&pageSize=10&keywords=pallid%20bat,5/31/00,2010,0,1,0,Mammals (terrestrial),244,144,NR,1,0,1,Threatened,BC,11/1/10,6/5/03,NA,D1,NA,NA,NA,NA,NA,NA,NA,NA,NA,NA,NA,NA,NA,NA,NA,NA,NA,NA,NA,NA,NA,NA,NA,NA,NA,NA,NA,NA,NA,NA,NA,NA,NA,NA,NA,NA,NA,NA,NA,NA,NA,NA,NA,NA,NA,NA,NA,NA,NA,NA,NA,NA,NA,NA,NA,NA,N,N,NA,"flag-""Criteria applied at last assessment: Designated Threatened due to high probability of rescue effect, although met criteria for Endangered B1+2c"" ""Meets criterion for B1 and B2 based on small EO and IAO, but only 1 of 3 subcriteria (continuing habitat decline) can be invoked, since number of locations is unknown but likely to be more than five and the population is highly unlikely to be severely fragmented or undergoing fluctuations""",resolved-criteria discrepancy
Lucas,,927,481,eastern mole,Scalopus aquaticus,COSEWIC Status Reports,Special Concern,COSEWIC. 2010. COSEWIC assessment and status report on the Eastern Mole Scalopus aquaticus in Canada. Committee on the Status of Endangered Wildlife in Canada. Ottawa. x + 29 pp.,https://species-registry.canada.ca/index-en.html#/species?sortBy=commonNameSort&sortDirection=asc&pageSize=10&keywords=eastern%20mole,9/9/11,2010,0,1,0,Mammals (terrestrial),546,546,NR,1,0,1,Special Concern,ON,11/1/10,6/5/03,NA,NA,NA,NA,NA,NA,"flag-not 100% sure on this one: figure 3 on page 20- mean +/- SE counts of mole signs, ""At Point Pelee National Park, annual counts of Eastern Molee surface tunnels and push-ups fluctuate widely between years (Fig. 3). Zorn (2003) calculated that the time series had low signal to noise ration (Coefficient of variation = 0.78) and low power to detect trends (power=0.45 with 80% conffidence to detect a 10% decrease over 5 years). No statistical trend was apparent in the annual abundance of sign (tunnels and pushups).""",flag-abundance,POP,"flag- ""power=0.45 with 80% confidence to detect a 10% decrease over 5 years""",flag,flag,"Zorn, P. 2003. Eastern Mole. Unpublished report to Point Pelee National Park, Parks Canada Agency, Ottawa, Ontario",UNP,clearly cited as an unpublished report,Y,A,N,species not listed under criteria A,NA,NA,NA,NA,NA,NA,NA,NA,NA,NA,NA,NA,NA,NA,NA,NA,NA,NA,NA,NA,NA,NA,NA,NA,NA,NA,NA,NA,NA,NA,NA,NA,NA,NA,NA,NA,NA,NA,NA,Y,N,OTH,flag- Meets EN for B1 but not any sub criteria- also see other flags,resolved-criteria discrepancy
Hossam/Aaliyah,Jayme,844,511,black-tailed prairie dog,Cynomys ludovicianus,COSEWIC Status Reports,Special Concern,COSEWIC. 2011. COSEWIC assessment and status report on the Black-tailed Prairie Dog Cynomys ludovicianus in Canada. Committee on the Status of Endangered Wildlife in Canada. Ottawa. xiii + 58 pp,https://species-registry.canada.ca/index-en.html#/species?sortBy=commonNameSort&sortDirection=asc&pageSize=10&keywords=black%20-%20tailed%20prairie%20dog,10/15/12,2011,0,1,0,Mammals (terrestrial),392,160,1,1,0,1,Threatened,SK,11/1/11,6/5/03,Uplist,D2,NA,NA,NA,NA,PVA ,demographic,OTH,N,NRP,NRP,"Flag - cited as stephens and Lloyd 2011 in text, but 2010 in table. Stephens and Lloyd (2011)",UNP,unpublished contract report for COSEWIC,Y,E,N,PVA was not relevant to D2 listing,Linear regression model to estimate population growth - visual counts as an index of relative abundance of adults and juveniles. ,abundance,POP,Y,CI,NRP,"D. Gummer, Parks Canada Agency",UNP,personal comm.,Y,"A, B, C",N,"Model output mentioned under A, B, and C. However, species is not listed under any of these Criteria.",NA,NA,NA,NA,NA,NA,NA,NA,NA,NA,NA,NA,NA,NA,NA,NA,NA,NA,NA,NA,NA,NA,NA,NA,NA,NA,Y,N,THR,NA,NA
Aaliyah,,,,mountain beaver,Aplodontia rufa,COSEWIC Status Reports,Special Concern,COSEWIC Rapid Review of Classification on the Mountain Beaver (Aplodontia rufa) in Canada,https://species-registry.canada.ca/index-en.html#/species?sortBy=commonNameSort&sortDirection=asc&pageSize=10&keywords=mountain%20beaver,10/18/23,2022,1,1,0,Mammals (terrestrial),,,,,,,Special Concern,,,,,exclude,exclude,exclude,exclude,exclude,exclude,exclude,exclude,exclude,exclude,exclude,exclude,exclude,exclude,exclude,exclude,exclude,exclude,exclude,exclude,exclude,exclude,exclude,exclude,exclude,exclude,exclude,exclude,exclude,exclude,exclude,exclude,exclude,exclude,exclude,exclude,exclude,exclude,exclude,exclude,exclude,exclude,exclude,exclude,exclude,exclude,exclude,exclude,exclude,exclude,exclude,exclude,exclude,exclude,exclude,exclude,exclude,exclude,exclude,exclude,exclude,NA
Aaliyah,,,,american marten,Martes americana atrata,COSEWIC Status Reports,Threatened,COSEWIC. 2022. COSEWIC assessment and status report on the the American marten (Newfoundland population) Martes americana atrata in Canada. Committee on the Status of Endangered Wildlife in Canada. Ottawa. xii + 42 pp.,https://species-registry.canada.ca/index-en.html#/species?sortBy=commonNameSort&sortDirection=asc&pageSize=10&keywords=american%20marten,3/3/23,2023,0,1,0,Mammals (terrestrial),,,,,,,Special Concern,,,,,exclude,exclude,exclude,exclude,exclude,exclude,exclude,exclude,exclude,exclude,exclude,exclude,exclude,exclude,exclude,exclude,exclude,exclude,exclude,exclude,exclude,exclude,exclude,exclude,exclude,exclude,exclude,exclude,exclude,exclude,exclude,exclude,exclude,exclude,exclude,exclude,exclude,exclude,exclude,exclude,exclude,exclude,exclude,exclude,exclude,exclude,exclude,exclude,exclude,exclude,exclude,exclude,exclude,exclude,exclude,exclude,exclude,exclude,exclude,exclude,exclude,NA
Lucas,Hossam,104,1006,fawnsfoot,Truncilla donaciformis,COSEWIC Status Reports,Endangered,COSEWIC. 2008. COSEWIC assessment and status report on the Fawnsfoot Truncilla donaciformis in Canada. Committee on the Status of Endangered Wildlife in Canada. Ottawa. vii + 39 pp.,https://species-registry.canada.ca/index-en.html#/species?sortBy=commonNameSort&sortDirection=asc&pageSize=10&keywords=fawnsfoot,8/28/08,2008,0,1,0,Molluscs,"24,952 km2",128 km2,5,1,0,0,Endangered,ON,4/1/08,8/8/19,List,A2ce,"B2ab(i,ii,iii,iv,v)",NA,NA,NA,NA,NA,NA,NA,NA,NA,NA,NA,NA,NA,NA,NA,NA,NA,NA,NA,NA,NA,NA,NA,NA,NA,NA,NA,NA,NA,NA,NA,NA,NA,NA,NA,NA,NA,NA,NA,NA,NA,NA,NA,NA,NA,NA,NA,NA,NA,NA,NA,NA,NA,NA,NA,N,N,NA,NA,NA
Lucas,Hossam,171,832,lilliput,Toxolasma parvum,COSEWIC Status Reports,Endangered,COSEWIC. 2013. COSEWIC assessment and status report on the LilliputToxolasma parvum in Canada. Committee on the Status of Endangered Wildlife in Canada. Ottawa. ix + 57 pp.,https://species-registry.canada.ca/index-en.html#/species?sortBy=commonNameSort&sortDirection=asc&pageSize=10&keywords=lilliput,12/31/13,2013,0,1,0,Molluscs,10221 km2,60 km2,44289,1,0,0,Endangered,ON,5/1/13,8/8/19,List,B2ab(iii),NA,NA,NA,NA,NA,NA,NA,NA,NA,NA,NA,NA,NA,NA,NA,NA,NA,NA,NA,NA,NA,NA,NA,NA,NA,NA,NA,NA,NA,NA,NA,NA,NA,NA,NA,NA,NA,NA,NA,NA,NA,NA,NA,NA,NA,NA,NA,NA,NA,NA,NA,NA,NA,NA,NA,NA,Y,N,THR,NA,NA
Caitlin,,285,1032,sheathed slug,Zacoleus idahoensis,COSEWIC Status Reports,Special Concern,COSEWIC. 2016. COSEWIC assessment and status report on the Sheathed Slug Zacoleus idahoensis in Canada. Committee on the Status of Endangered Wildlife in Canada. Ottawa. x + 51 pp.,https://species-registry.canada.ca/index-en.html#/species?sortBy=commonNameSort&sortDirection=asc&pageSize=10&keywords=sheathed%20slug,1/6/17,2016,0,1,0,Molluscs,"2,295 km2",<500 km2,20-Aug,1,0,1,Special Concern,BC,4/1/16,2/25/19,List,NA,NA,NA,NA,NA,"Climate change model in the range of the sheathed slug, explicitly used to describe how habitat will negatively change for the spp.

All models and scenarios examined project higher mean seasonal temperatures that increase progressively by the 2020s, 2050s and 2080s (Utzig 2012a). By 2080, winters are predicted to be 2 – 5 C° warmer and 10 – 25% wetter and summers 3 – 7°C warmer and up to 30% drier than during the baseline period (poorest performance models excluded ",other,HAB,N,NRP,NRP,"(Utzig 2012a) 
Utzig, G. 2012a. Climate Change Projections for the West Kootenays. Report # 3 from the West Kootenay Climate Vulnerability and Resilience Project. Web site: www.kootenayresilience.org [accessed January 2015]. ",GL,NA,N,B,N,"Applies to Criteria B
“Inferred and projected  decline in area, extant, and quality of habitat”, model describes loss of habitat due to climate change ","More climate models, past and future
Wang et al. (2012)
 examined climate change effects on BC’s 16 biogeoclimatic zones, which are based on large scale climate gradients and widely used to classify ecosystems in the province (Meidinger and Pojar 1991; BC Ministry of Forests and Range undated). Models showed that climate envelopes supporting this zonation have already shifted since the 1970s (Wang et al. 2012). Projected into the future (2020s, 2050s, and 2080s) and across the entire province, the models predict a substantial expansion of moist continental cedar-hemlock forests, typical of the ICH zone where Sheathed Slug is found, potentially expanding this zone up to three-fold by 2080, with the ICH zone becoming the most common forest type in the province over the long term ",other,HAB,N,NRP,NRP,"Wang, T., E.M. Campbell, G.A. O'Neill, and S.N. Aitken. 2012. Projecting future distributions of ecosystem climate niches: uncertainties and management applications. Forest Ecology and Management 279:128-140. ",PR,NA,N,B,N,"Applies to Criteria B
Inferred and projected decline in area, extant, and quality of habitat”, model describes loss of habitat due to climate change","More climate models, more regional scale, describe decline in habitat suitability
Utzig 2012b). 
At a regional scale, climate change projections are more complex and influenced by topography and local factors (Climate models for the southern section of the West Kootenays within the range of Sheathed Slug indicate that the ICH zone will shift upslope and decline slightly in area over the long term under one of three climate change scenarios examined (“Warm/Moist” scenario) ",other,HAB,N,NRP,NRP,"Utzig, G. 2012b. Ecosystem and Tree Species Bioclimate Envelope Modeling for the West Kootenays. Report #5 from the West Kootenay Climate Vulnerability and Resilience Project. Web site: www.kootenayresilience.org [accessed January 2015]. ",GL,NA,N,B,N,"Applies to Criteria B
Inferred and projected decline in area, extant, and quality of habitat”, model describes loss of habitat due to climate change",NA,NA,NA,NA,NA,NA,NA,NA,NA,NA,NA,NA,NA,Y,Y,"POP, THR",NA,NA
Hossam,Jayme,330,831,threehorn wartyback,Obliquaria reflexa,COSEWIC Status Reports,Threatened,COSEWIC. 2013. COSEWIC assessment and status report on the Threehorn Wartyback Obliquaria reflexa in Canada. Committee on the Status of Endangered Wildlife in Canada. Ottawa. ix + 58 pp.,https://species-registry.canada.ca/index-en.html#/species?sortBy=commonNameSort&sortDirection=asc&pageSize=10&keywords=threehorn%20wartyback,1/3/14,2013,0,1,0,Molluscs,7032 km2,532 km2,3,1,0,1,Threatened,ON,5/1/13,8/8/19,List,B2ab(iii),NA,NA,NA,NA,NA,NA,NA,NA,NA,NA,NA,NA,NA,NA,NA,NA,NA,NA,NA,NA,NA,NA,NA,NA,NA,NA,NA,NA,NA,NA,NA,NA,NA,NA,NA,NA,NA,NA,NA,NA,NA,NA,NA,NA,NA,NA,NA,NA,NA,NA,NA,NA,NA,NA,NA,NA,N,N,NA,NA,NA
Caitlin,,1026,56,magnum mantleslug,Magnipelta mycophaga,COSEWIC Status Reports,Special Concern,COSEWIC. 2012. COSEWIC assessment and status report on the Magnum Mantleslug Magnipelta mycophaga in Canada. Committee on the Status of Endangered Wildlife in Canada. Ottawa. x + 41 pp.,https://species-registry.canada.ca/index-en.html#/species?sortBy=commonNameSort&sortDirection=asc&pageSize=10&keywords=magnum%20mantleslug,1/3/13,2012,0,1,0,Molluscs,40813,48,11,1,0,1,Special Concern,BC,5/1/12,2/3/17,List,NA,NA,NA,NA,NA,NA,NA,NA,NA,NA,NA,NA,NA,NA,NA,NA,NA,NA,NA,NA,NA,NA,NA,NA,NA,NA,NA,NA,NA,NA,NA,NA,NA,NA,NA,NA,NA,NA,NA,NA,NA,NA,NA,NA,NA,NA,NA,NA,NA,NA,NA,NA,NA,NA,NA,NA,NA,Y,N,THR,NA,NA
Aaliyah,Hossam,824,80,oregon forestsnail,Allogona townsendiana,COSEWIC Status Reports,Endangered,COSEWIC. 2013. COSEWIC assessment and status report on the Oregon Forestsnail Allogona townsendiana in Canada. Committee on the Status of Endangered Wildlife in Canada. Ottawa. xii + 87 pp,https://species-registry.canada.ca/index-en.html#/species?sortBy=commonNameSort&sortDirection=asc&pageSize=10&keywords=oregon%20forestsnail,1/3/14,2013,0,1,0,Molluscs,3313,300,10,1,0,1,Endangered,BC,5/1/13,1/12/05,NA,"B1ab(i,ii,iii,iv,v)+2ab(i,ii,iii,iv,v)",NA,NA,NA,NA,NA,NA,NA,NA,NA,NA,NA,NA,NA,NA,NA,NA,NA,NA,NA,NA,NA,NA,NA,NA,NA,NA,NA,NA,NA,NA,NA,NA,NA,NA,NA,NA,NA,NA,NA,NA,NA,NA,NA,NA,NA,NA,NA,NA,NA,NA,NA,NA,NA,NA,NA,NA,N,N,NA,NA,NA
Lucas,,999,92,haida gwaii slug,Staala gwaii,COSEWIC Status Reports,Special Concern,COSEWIC. 2013. COSEWIC assessment and status report on the Haida Gwaii Slug Staala gwaii in Canada. Committee on the Status of Endangered Wildlife in Canada. Ottawa. x + 44 pp.,https://species-registry.canada.ca/index-en.html#/species?sortBy=commonNameSort&sortDirection=asc&pageSize=10&keywords=haida%20gwaii%20slug,1/6/14,2013,0,1,0,Molluscs,16262,52,10,1,1,0,Special Concern,BC,5/1/13,2/2/18,List,NA,NA,NA,NA,NA,NA,NA,NA,NA,NA,NA,NA,NA,NA,NA,NA,NA,NA,NA,NA,NA,NA,NA,NA,NA,NA,NA,NA,NA,NA,NA,NA,NA,NA,NA,NA,NA,NA,NA,NA,NA,NA,NA,NA,NA,NA,NA,NA,NA,NA,NA,NA,NA,NA,NA,NA,NA,Y,N,THR,NA,NA
Aaliyah/Hossam,Jayme/Ilona,589,99,northern abalone,Haliotis kamtschatkana,COSEWIC Status Reports,Endangered,COSEWIC. 2009. COSEWIC assessment and update status report on the Northern Abalone Haliotis kamtschatkana in Canada. Committee on the Status of Endangered Wildlife in Canada. Ottawa. vii + 48 pp.,https://species-registry.canada.ca/index-en.html#/species?sortBy=commonNameSort&sortDirection=asc&pageSize=10&keywords=northern%20abalone,8/28/09,2009,0,1,0,Molluscs,207478,2000,NR,1,0,1,Endangered,BC Pacific_Ocean,4/1/09,6/5/03,Uplist,A2bd,NA,NA,NA,NA,"stock-recruitment model was developed for Northern Abalone and established growth models. fitted SR curves were flat and close to linearity, indicating low productivity for the abalone stocks. At low spawning biomass (<0.05 kg/m2) the SR relationships seemed to be density independent (i.e., no Allee effect was detected). There were considerable variations in the SR relationships, and variation in recruitment increased with increasing spawning biomass. The maximum mean recruitment was estimated to be 0.62 abalone/m2...... Based on the stock-recruitment model, abalone population growth trajectories were simulated at various mortality levels for the central coast and the Queen Charlotte Islands abalone stocks (Zhang et al. 2007). Abalone stocks would be sustainable with adult mortality rates around 0.25 (or 22%/y), and would increase or decrease with lower or higher mortality rates, respectively. Adult mortality rate estimates were >0.25 in areas of northern BC without Sea Otters after the closure to all fisheries in 1990, which likely contributed to low abalone population abundances. Indeed, the prospect of further precipitous abalone population declines must be considered a real possibility with the continued illegal harvest (poaching) by humans and the continued growth and spread of the Sea Otter population in BC.",demographic,"POP, BIO",N,NRP,NRP,"Zhang, Z., A. Campbell, and J. Lessard. 2007. Modelling Northern Abalone, Haliotis kamtschatkana, population stocks and recruitment in British Columbia. Journal of Shellfish Research 26:1099-1107.",PR,Published in journal,Y,A,Y,Model referred to in criteria A (increased mortality rates caused from ongoing poaching) and species was listed under criteria A,"Based on population simulation projections if current mortality rates continue (no probability calculated). Probabilities of extinction at 20 years, 5 generations, and 100 years are unavailable. modelled population trajectories showed that abalone stocks would continue to decrease in both areas, and extinctions (defined as densities <0.001 abalone/m2) would occur in approximately 270 years",demographic,POP,N,NRP,NRP,"Lessard, J., A. Campbell, Z. Zhang, L. MacDougall, and S. Hankewich. 2007b. Recovery Potential Assessment for the Northern Abalone, Haliotis kamtschatkana, in Canada. Canadian Science Advice Secretariat Research Document 2007/061:107 pp.",GL,government document,Y,A,Y,"Model speaks to future declines in density which is relevant to declines ""may not have ceased and may not be reversible (b) and actual or potential levels of exploitation (d) continue""","Mortality rates of Red Abalone, H. rufescens, populations in California in areas occupied by Sea Otters has been estimated at... 1.3 (or 73%/y) (Deacon 1989 in Shepherd and Breen 1992). ",demographic,THR,NRP,NRP,NRP,"Deacon, R.T. 1989. An empirical model of fishery dynamics. Journal of Environmental Economics and Management 16:167-183.",PR,Published in a journal,Y,A,Y,"Under the Applicability of Criteria for A, there is mention of ""the stock has not recovered and is still subject to poaching and increased natural predation from Sea Otters."" This model estimates mortality rates from sea otters. Elsewhere: ""In areas where abalone have
been severely depleted by natural factors and/or human poaching, subsequent Sea
Otter predation may significantly accelerate the decline and contribute to the demise of
abalone populations in many areas of BC""",NA,NA,NA,NA,NA,NA,NA,NA,NA,NA,NA,NA,NA,Y,Y,"OTH, DIS",NA,NA
Hossam,,882,100,threaded vertigo,Nearctula sp.,COSEWIC Status Reports,Special Concern,NA,https://species-registry.canada.ca/index-en.html#/species?sortBy=commonNameSort&sortDirection=asc&pageSize=10&keywords=threaded%20vertigo,NA,2010,0,1,0,Molluscs,9530,72,16,1,0,1,Special Concern,BC,4/1/10,6/20/12,List,NA,NA,NA,NA,NA,NA,NA,NA,NA,NA,NA,NA,NA,NA,NA,NA,NA,NA,NA,NA,NA,NA,NA,NA,NA,NA,NA,NA,NA,NA,NA,NA,NA,NA,NA,NA,NA,NA,NA,NA,NA,NA,NA,NA,NA,NA,NA,NA,NA,NA,NA,NA,NA,NA,NA,NA,NA,N,N,NA,NA,NA
Hossam,Jayme,566,129,hotwater physa,Physella wrighti,COSEWIC Status Reports,Endangered,COSEWIC. 2008. COSEWIC assessment and update status report on the Hotwater Physa Physella wrighti in Canada. Committee on the Status of Endangered Wildlife in Canada. Ottawa. vii + 35 pp.,https://species-registry.canada.ca/index-en.html#/species?sortBy=commonNameSort&sortDirection=asc&pageSize=10&keywords=hotwater%20physa,8/28/08,2008,0,1,0,Molluscs,8.165,4.60E-03,1,1,1,0,Endangered,BC,4/1/08,6/5/03,NA,B1ac(iv)+2ac(iv),NA,NA,NA,NA,NA,NA,NA,NA,NA,NA,NA,NA,NA,NA,NA,NA,NA,NA,NA,NA,NA,NA,NA,NA,NA,NA,NA,NA,NA,NA,NA,NA,NA,NA,NA,NA,NA,NA,NA,NA,NA,NA,NA,NA,NA,NA,NA,NA,NA,NA,NA,NA,NA,NA,NA,NA,N,N,NA,NA,NA
Caitlin,,930,334,warty jumping-slug,Hemphillia glandulosa,COSEWIC Status Reports,Special Concern,COSEWIC 2003. COSEWIC assessment and status report on the warty jumping-slug Hemphillia glandulosa in Canada. Committee on the Status of Endangered Wildlife in Canada. Ottawa. vi + 19 pp,https://species-registry.canada.ca/index-en.html#/species?sortBy=commonNameSort&sortDirection=asc&pageSize=10&keywords=warty%20jumping%20-%20slug,12/24/03,2013,1,1,0,Molluscs,4700,NR,NR,1,0,1,Special Concern,BC,5/1/13,1/12/05,NA,NA,NA,NA,NA,NA,NA,NA,NA,NA,NA,NA,NA,NA,NA,NA,NA,NA,NA,NA,NA,NA,NA,NA,NA,NA,NA,NA,NA,NA,NA,NA,NA,NA,NA,NA,NA,NA,NA,NA,NA,NA,NA,NA,NA,NA,NA,NA,NA,NA,NA,NA,NA,NA,NA,NA,NA,NA,Y,N,THR,NA,NA
Hossam,Jayme,528,402,snuffbox,Epioblasma triquetra,COSEWIC Status Reports,Endangered,NA,https://species-registry.canada.ca/index-en.html#/species?sortBy=commonNameSort&sortDirection=asc&pageSize=10&keywords=snuffbox,NA,2011,0,1,0,Molluscs,1482,308,2,1,0,1,Endangered,ON,11/1/11,6/5/03,NA,B1ab(iii) + 2ab(iii),NA,NA,NA,NA,NA,NA,NA,NA,NA,NA,NA,NA,NA,NA,NA,NA,NA,NA,NA,NA,NA,NA,NA,NA,NA,NA,NA,NA,NA,NA,NA,NA,NA,NA,NA,NA,NA,NA,NA,NA,NA,NA,NA,NA,NA,NA,NA,NA,NA,NA,NA,NA,NA,NA,NA,NA,N,N,NA,NA,NA
Aaliyah/Lucas,Jayme,,,carolina mantleslug,Philomycus carolinianus,COSEWIC Status Reports,Threatened,COSEWIC. 2019. COSEWIC assessment and status report on the Carolina Mantleslug Philomycus carolinianus in Canada. Committee on the Status of Endangered Wildlife in Canada. Ottawa. x + 54 pp.,https://species-registry.canada.ca/index-en.html#/species?sortBy=commonNameSort&sortDirection=asc&pageSize=10&keywords=carolina%20mantleslug,10/13/20,2019,0,1,0,Molluscs,,,,,,,Threatened,,,,,B1ab(iii)+2ab(iii),NA,NA,NA,NA,"climate models - Southwestern Ontario is projected to have more extreme weather events including droughts, floods, and temperature extremes under climate change models (Varrin et al. 2007). McDermid et al.’s (2015) study, which is at a finer spatial scale, also suggests summer precipitation is likely to decline in the Lake Erie basin while winter precipitation is likely to increase. With increasing average temperature, spring frost is more frequent (Augspurger 2013), which can cause spring mortality as observed in snails when snow cover is absent (e.g., up to 90%, Nicolai unpubl. data; there is no similar information available on slugs). Droughts can cause high mortality in some gastropod species depending on the presence of shelter (e.g., 75% in H. pomatia, Nicolai et al. 2011).",other,THR,N,NRP,NRP,"Varrin, R., J. Bowman, and P.A. Gray. 2007. The known and potential effects of climate change on biodiversity in Ontario’s terrestrial ecosystems: case studies and recommendations for adaptation. Climate Change Research Report CCRR-09. Ontario Ministry of Natural Resources and Forestry. Queen’s Printer for Ontario, Toronto, Ontario. 47. 1379 pp.",GL,government document,N,B,Y,decline in habitat due to variety of threats,climate model of southern ontario,other,THR,N,NRP,NRP,McDermid et al. (2015),GL,government document,N,B,Y,"under Criterion B: "" there is a projected continuing decline in extent and quality of habitat (b(iii)) caused by a varietyof threats""- climate models are referenced under threats related to habitat extent and quality","""Using the prediction model from 1960-1990 to 2015- 2045 on the Ontario climate change data portal (PRECIS model under A1B emissions scenario, Wang and Huang 2013), some climate change observations and predictions are as follows: • Average winter temperatures will increase by 3.3°C in southwestern Ontario (from - 3.8°C in 1960-1990 to -0.5°C in 2015-2045). Mean temperature close to 0°C increases the chances of increased frequency of freeze-thaw cycles in fall/winter (Nicolai and Ansart 2017) and more spring frosts (Augspurger 2013). • There would also be longer periods between rainfall events with a greater risk of droughts especially in mid-continental regions (Meehl et al. 2007). Under climate change scenarios, changes to average and extreme temperatures will alter microhabitat conditions; both beneficial and adverse effects may ensue, but the overall effects are difficult to predict. Additionally, anthropogenic activity influences microhabitat structure although the link between habitat choice and physiology is poorly understood (Deutsch et al. 2008).",other,HAB,NRP,NRP,NRP,Wang and Huang 2013,OTH,website,N,B,Y,"under Criterion B: "" there is a projected continuing decline in extent and quality of habitat (b(iii)) caused by a varietyof threats""- climate models are referenced under threats related to habitat extent and quality",NA,NA,NA,NA,NA,NA,NA,NA,NA,NA,NA,NA,NA,Y,Y,HAB,NA,NA
Lucas,Caitlin,,,toothed globe,Mesodon zaletus,COSEWIC Status Reports,Endangered,COSEWIC. 2019. COSEWIC assessment and status report on the Toothed Globe Mesodon zaletus in Canada. Committee on the Status of Endangered Wildlife in Canada. Ottawa. x + 38 pp.,https://species-registry.canada.ca/index-en.html#/species?sortBy=commonNameSort&sortDirection=asc&pageSize=10&keywords=toothed%20globe,10/1/20,2019,0,1,0,Molluscs,,,,,,,Endangered,,,,,B1ab(iii)+2ab(iii),NA,NA,NA,NA,"""Using the prediction model from 1960-1990 to 2015-2045 on the Ontario climate change data portal (PRECIS model under A1B emissions scenario""",other,HAB,NRP,NRP,NRP,"Wang, X., and G. Huang. 2013. Ontario Climate Change Data Portal. Website: http://www.ontarioccdp.ca [accessed 13 March 2018]",OTH,from a website,N,B,Y,"In Applicability of Criteria B: ""there is an observed and projected continuing decline in quality of habitat (biii) caused by a variety of threats"" and threats from climate change are discussed in RFD",NA,NA,NA,NA,NA,NA,NA,NA,NA,NA,NA,NA,NA,NA,NA,NA,NA,NA,NA,NA,NA,NA,NA,NA,NA,NA,NA,NA,NA,NA,NA,NA,NA,NA,NA,NA,NA,NA,NA,N,N,NA,flag-this was the example used in our meeting on Nov 7- review and see if we agree on what I put in here,resolved
Caitlin,,,,dwarf wedgemussel,Alasmidonta heterodon,COSEWIC Status Reports,Extirpated,COSEWIC. 2021. COSEWIC Rapid Review of Classification on the Dwarf Wedgemussel Alasmidonta heterodon in Canada. Committee on the Status of Endangered Wildlife in Canada. Ottawa. ix pp.,https://species-registry.canada.ca/index-en.html#/species?sortBy=commonNameSort&sortDirection=asc&pageSize=10&keywords=dwarf%20wedgemussel,11/17/22,2021,1,1,0,Molluscs,,,,,,,Extirpated,,,,,NA,NA,NA,NA,NA,NA,NA,NA,NA,NA,NA,NA,NA,NA,NA,NA,NA,NA,NA,NA,NA,NA,NA,NA,NA,NA,NA,NA,NA,NA,NA,NA,NA,NA,NA,NA,NA,NA,NA,NA,NA,NA,NA,NA,NA,NA,NA,NA,NA,NA,NA,NA,NA,NA,NA,NA,NA,N,NA,NA,NA,NA
Aaliyah,,,,atlantic mud-piddock,Barnea truncata,COSEWIC Status Reports,Threatened,COSEWIC. 2021. COSEWIC status appraisal summary on the Atlantic Mud-piddock Barnea truncata in Canada. Committee on the Status of Endangered Wildlife in Canada. Ottawa. xvpp.,https://species-registry.canada.ca/index-en.html#/species?sortBy=commonNameSort&sortDirection=asc&pageSize=10&keywords=atlantic%20mud%20piddock,1/14/22,2021,1,1,0,Molluscs,,,,,,,Threatened,,,,,D2,NA,NA,NA,NA,NA,NA,NA,NA,NA,NA,NA,NA,NA,NA,NA,NA,NA,NA,NA,NA,NA,NA,NA,NA,NA,NA,NA,NA,NA,NA,NA,NA,NA,NA,NA,NA,NA,NA,NA,NA,NA,NA,NA,NA,NA,NA,NA,NA,NA,NA,NA,NA,NA,NA,NA,NA,N,NA,NA,NA,NA
Hossam,,,,brook floater,Alasmidonta varicosa,COSEWIC Status Reports,Special Concern,COSEWIC. 2022. COSEWIC status appraisal summary on the Brook Floater Alasmidonta varicose Jipu’ji’jey N’kata’law in Canada. Committee on the Status of Endangered Wildlife in Canada. Ottawa. xvii pp.,https://species-registry.canada.ca/index-en.html#/species?sortBy=commonNameSort&sortDirection=asc&pageSize=10&keywords=brook%20floater,10/18/23,2022,1,1,0,Molluscs,,,,,,,Special Concern,,,,,NA,NA,NA,NA,NA,NA,NA,NA,NA,NA,NA,NA,NA,NA,NA,NA,NA,NA,NA,NA,NA,NA,NA,NA,NA,NA,NA,NA,NA,NA,NA,NA,NA,NA,NA,NA,NA,NA,NA,NA,NA,NA,NA,NA,NA,NA,NA,NA,NA,NA,NA,NA,NA,NA,NA,NA,NA,N,N,NA,NA,NA
Caitlin,,,,threaded vertigo,Vertigo rowellii,COSEWIC Status Reports,Special Concern,COSEWIC. 2022. COSEWIC status appraisal summary on the Threaded Vertigo Vertigo rowellii in Canada. Committee on the Status of Endangered Wildlife in Canada. Ottawa. xvii pp.,https://species-registry.canada.ca/index-en.html#/species?sortBy=commonNameSort&sortDirection=asc&pageSize=10&keywords=threaded%20vertigo,3/16/23,2022,1,1,0,Molluscs,,,,,,,Special Concern,,,,,NA,NA,NA,NA,NA,NA,NA,NA,NA,NA,NA,NA,NA,NA,NA,NA,NA,NA,NA,NA,NA,NA,NA,NA,NA,NA,NA,NA,NA,NA,NA,NA,NA,NA,NA,NA,NA,NA,NA,NA,NA,NA,NA,NA,NA,NA,NA,NA,NA,NA,NA,NA,NA,NA,NA,NA,NA,N,NA,NA,NA,NA
Lucas,Hossam,228,149,porsild's bryum,Haplodontium macrocarpum,COSEWIC Status Reports,Threatened,COSEWIC. 2017. COSEWIC assessment and status report on the Porsild¬ís Bryum Haplodontium macrocarpum in Canada. Committee on the Status of Endangered Wildlife in Canada. Ottawa. xviNA+ 74 pp.,https://species-registry.canada.ca/index-en.html#/species?sortBy=commonNameSort&sortDirection=asc&pageSize=10&keywords=porsild%27s%20bryum,10/15/18,2017,0,1,0,Mosses,7.21 million km2,88 km2,19,0,0,0,Threatened,NU BC AB NL,11/1/17,2/4/11,NA,C2a(i),NA,NA,NA,NA,NA,NA,NA,NA,NA,NA,NA,NA,NA,NA,NA,NA,NA,NA,NA,NA,NA,NA,NA,NA,NA,NA,NA,NA,NA,NA,NA,NA,NA,NA,NA,NA,NA,NA,NA,NA,NA,NA,NA,NA,NA,NA,NA,NA,NA,NA,NA,NA,NA,NA,NA,NA,Y,Y,THR,"flag-see notes for model 1, also under applicability of criteria: Criterion A-""Meets Endangered, Ab3+4b, since there is a suspected reduction in total number of mature individuals over the next 3 generations of 50 to 100% based on the threat of climate change, and loss of populations in Newfoundland"" Criterion B:""May meet Endangered, B2ab(iii,iv,v), because the IAO (88 km2) falls below the threshold (500 km2), the population may be severely fragmented, and there are observed, inferred, and projected declines in the number of subpopulations, the number of locations, the number of mature individuals, and the quality of habitat."" also flag- this was one of the weird examples brought up in Nov 7 meeting",resolved
Caitlin,Hossam,314,13,spoon-leaved moss,Bryoandersonia illecebra,COSEWIC Status Reports,Endangered,COSEWIC. 2017. COSEWIC assessment and status report on the Spoon-leaved Moss Bryoandersonia illecebra in Canada. Committee on the Status of Endangered Wildlife in Canada. Ottawa. xi + 40 pp.,https://species-registry.canada.ca/index-en.html#/species?sortBy=commonNameSort&sortDirection=asc&pageSize=10&keywords=spoon%20-%20leaved%20moss,10/15/18,2017,0,1,0,Mosses,24 140 km2,72 km2,>20,1,0,1,Threatened,ON,11/1/17,1/12/05,NA,D1,NA,NA,NA,NA,NA,NA,NA,NA,NA,NA,NA,NA,NA,NA,NA,NA,NA,NA,NA,NA,NA,NA,NA,NA,NA,NA,NA,NA,NA,NA,NA,NA,NA,NA,NA,NA,NA,NA,NA,NA,NA,NA,NA,NA,NA,NA,NA,NA,NA,NA,NA,NA,NA,NA,NA,NA,Y,Y,"HAB, POP",NA,NA
Lucas,,332,1035,tiny tassel,Crossidium seriatum,COSEWIC Status Reports,Special Concern,COSEWIC. 2014. COSEWIC assessment and status report on the Tiny Tassel Crossidium seriatum in Canada. Committee on the Status of Endangered Wildlife in Canada. Ottawa. ix + 33 pp.,https://species-registry.canada.ca/index-en.html#/species?sortBy=commonNameSort&sortDirection=asc&pageSize=10&keywords=tiny%20tassel,12/11/15,2014,0,1,0,Mosses,"14,935 km2",76 km2,Unknown,1,0,1,Special Concern,BC,11/1/14,2/25/19,List,NA,NA,NA,NA,NA,NA,NA,NA,NA,NA,NA,NA,NA,NA,NA,NA,NA,NA,NA,NA,NA,NA,NA,NA,NA,NA,NA,NA,NA,NA,NA,NA,NA,NA,NA,NA,NA,NA,NA,NA,NA,NA,NA,NA,NA,NA,NA,NA,NA,NA,NA,NA,NA,NA,NA,NA,NA,N,N,NA,"flag-Criterion C: ""Not applicable. Total number of mature individuals meets both Threatened and Endangered population size thresholds for criterion C as it is very unlikely that the number is not more than 10,000 and probably less than 2500. However, thresholds are not met for subcriteria C1 or C2.""",resolved-criteria discrepancy
Aaliyah,,592,124,silver hair moss,Fabronia pusilla,COSEWIC Status Reports,Endangered,COSEWIC. 2012. COSEWIC status appraisal summary on the Silver Hair Moss Fabronia pusilla in Canada. Committee on the Status of Endangered Wildlife in Canada. Ottawa. xi pp.,https://species-registry.canada.ca/index-en.html#/species?sortBy=commonNameSort&sortDirection=asc&pageSize=10&keywords=silver%20hair%20moss,01/03/13,2012,1,1,0,Mosses,0.1,0.1,1,0,0,0,Endangered,BC,5/1/12,1/12/05,NA,D1,NA,NA,NA,NA,NA,NA,NA,NA,NA,NA,NA,NA,NA,NA,NA,NA,NA,NA,NA,NA,NA,NA,NA,NA,NA,NA,NA,NA,NA,NA,NA,NA,NA,NA,NA,NA,NA,NA,NA,NA,NA,NA,NA,NA,NA,NA,NA,NA,NA,NA,NA,NA,NA,NA,NA,NA,N,NA,NA,status appraisal summary,resolved- status appraisal summary (exclude)
Hossam,,962,309,columbian carpet moss,Bryoerythrophyllum columbianum,COSEWIC Status Reports,Special Concern,COSEWIC 2004. COSEWIC assessment and status report on the Columbian carpet moss Bryoerythrophyllum columbianum in Canada. Committee on the Status of Endangered Wildlife in Canada. Ottawa. vi + 19 pp,https://species-registry.canada.ca/index-en.html#/species?sortBy=commonNameSort&sortDirection=asc&pageSize=10&keywords=columbian%20carpet%20moss,5/1/04,2014,1,1,0,Mosses,14869,64,11,1,0,1,Special Concern,BC,11/1/14,7/14/05,NA,NA,NA,NA,NA,NA,NA,NA,NA,NA,NA,NA,NA,NA,NA,NA,NA,NA,NA,NA,NA,NA,NA,NA,NA,NA,NA,NA,NA,NA,NA,NA,NA,NA,NA,NA,NA,NA,NA,NA,NA,NA,NA,NA,NA,NA,NA,NA,NA,NA,NA,NA,NA,NA,NA,NA,NA,NA,N,N,NA,NA,NA
Aaliyah,,975,427,twisted oak moss,Syntrichia laevipila,COSEWIC Status Reports,Special Concern,COSEWIC 2004. COSEWIC assessment and status report on the twisted oak moss Syntrichia laevipila in Canada. Committee on the Status of Endangered Wildlife in Canada. Ottawa. vi + 21 pp.,https://species-registry.canada.ca/index-en.html#/species?sortBy=commonNameSort&sortDirection=asc&pageSize=10&keywords=twisted%20oak%20moss,5/1/04,2014,1,1,0,Mosses,4600,112,25,1,0,1,Special Concern,BC,11/1/14,7/14/05,NA,exclude,exclude,exclude,exclude,exclude,exclude,exclude,exclude,exclude,exclude,exclude,exclude,exclude,exclude,exclude,exclude,exclude,exclude,exclude,exclude,exclude,exclude,exclude,exclude,exclude,exclude,exclude,exclude,exclude,exclude,exclude,exclude,exclude,exclude,exclude,exclude,exclude,exclude,exclude,exclude,exclude,exclude,exclude,exclude,exclude,exclude,exclude,exclude,exclude,exclude,exclude,exclude,exclude,exclude,exclude,exclude,exclude,exclude,exclude,exclude,exclude,NA
Hossam,Jayme,,,acuteleaf small limestone moss,Seligeria acutifolia,COSEWIC Status Reports,Endangered,COSEWIC. 2018. COSEWIC assessment and status report on the Acuteleaf Small Limestone Moss Seligeria acutifolia in Canada. Committee on the Status of Endangered Wildlife in Canada. Ottawa. xi + 35 pp.,https://species-registry.canada.ca/index-en.html#/species?sortBy=commonNameSort&sortDirection=asc&pageSize=10&keywords=acuteleaf%20small%20limestone%20moss,2/22/19,2018,0,1,0,Mosses,,,,,,,Endangered,,,,,"B2ab(i,ii,iii,iv,v)",NA,NA,NA,NA,NA,NA,NA,NA,NA,NA,NA,NA,NA,NA,NA,NA,NA,NA,NA,NA,NA,NA,NA,NA,NA,NA,NA,NA,NA,NA,NA,NA,NA,NA,NA,NA,NA,NA,NA,NA,NA,NA,NA,NA,NA,NA,NA,NA,NA,NA,NA,NA,NA,NA,NA,NA,Y,N,HAB,flag-climate model,resolved-AA and LH agree with how this is entered
Caitlin,Hossam,,,slender yoke-moss,Zygodon gracilis,COSEWIC Status Reports,Endangered,COSEWIC. 2019. COSEWIC assessment and status report on the Slender Yoke-moss Zygodon gracilis in Canada. Committee on the Status of Endangered Wildlife in Canada. Ottawa. xi + 28 pp.,https://species-registry.canada.ca/index-en.html#/species?sortBy=commonNameSort&sortDirection=asc&pageSize=10&keywords=slender%20yoke%20moss,10/1/20,2019,0,1,0,Mosses,,,,,,,Endangered,,,,,B1ab(iii)+2ab(iii),C2a(i), D1,NA,NA,NA,NA,NA,NA,NA,NA,NA,NA,NA,NA,NA,NA,NA,NA,NA,NA,NA,NA,NA,NA,NA,NA,NA,NA,NA,NA,NA,NA,NA,NA,NA,NA,NA,NA,NA,NA,NA,NA,NA,NA,NA,NA,NA,NA,NA,NA,NA,NA,NA,NA,NA,NA,Y,N,THR,NA,NA
Lucas,Hossam,,,carey’s small limestone moss,Seligeria careyana,COSEWIC Status Reports,Endangered,COSEWIC. 2019. COSEWIC assessment and status report on the Carey’s Small Limestone Moss Seligeria careyana in Canada. Committee on the Status of Endangered Wildlife in Canada. Ottawa. xii + 32 pp.,https://species-registry.canada.ca/index-en.html#/species?sortBy=commonNameSort&sortDirection=asc&pageSize=10&keywords=carey’s%20small%20limestone%20moss,1/16/20,2019,0,1,0,Mosses,,,,,,,Endangered,,,,,"B1ab(i,ii,iii,iv,v)+2ab(i,ii,iii,iv,v)",C2a(i),D1,NA,NA,NA,NA,NA,NA,NA,NA,NA,NA,NA,NA,NA,NA,NA,NA,NA,NA,NA,NA,NA,NA,NA,NA,NA,NA,NA,NA,NA,NA,NA,NA,NA,NA,NA,NA,NA,NA,NA,NA,NA,NA,NA,NA,NA,NA,NA,NA,NA,NA,NA,NA,NA,NA,Y,N,THR,NA,NA
Aaliyah,,,,incurved grizzled moss,Ptychomitrium incurvum,COSEWIC Status Reports,Extirpated,COSEWIC. 2021. COSEWIC Rapid Review of Classification on the Incurved Grizzled Moss Ptychomitrium incurvum in Canada. Committee on the Status of Endangered Wildlife in Canada. Ottawa. ix pp.,https://species-registry.canada.ca/index-en.html#/species?sortBy=commonNameSort&sortDirection=asc&pageSize=10&keywords=incurved%20grizzled%20moss%20,11/17/22,2021,1,1,0,Mosses,,,,,,,Extirpated,,,,,NA,NA,NA,NA,NA,NA,NA,NA,NA,NA,NA,NA,NA,NA,NA,NA,NA,NA,NA,NA,NA,NA,NA,NA,NA,NA,NA,NA,NA,NA,NA,NA,NA,NA,NA,NA,NA,NA,NA,NA,NA,NA,NA,NA,NA,NA,NA,NA,NA,NA,NA,NA,NA,NA,NA,NA,NA,N,NA,NA,NA,NA
Caitlin,Jayme,124,364,gray ratsnake carolinian population,Pantherophis spiloides,COSEWIC Status Reports,Endangered,"COSEWIC. 2018. COSEWIC assessment and status report on the Gray Ratsnake Pantherophis spiloides, Great Lakes / St. Lawrence population and Carolinian populationin Canada. Committee on the Status of Endangered Wildlife in Canada. Ottawa. xvi + 44 pp.",https://species-registry.canada.ca/index-en.html#/species?sortBy=commonNameSort&sortDirection=asc&pageSize=10&keywords=gray%20ratsnake%20carolinian%20population,3/14/19,2018,0,1,0,Reptiles,826 km2,60 km2,44257,1,0,0,Endangered,ON,4/1/18,6/5/03,NA,A2cd+4cd,"B1ab(i,ii,iii,iv,v)+2ab(i,ii,iii,iv,v)",C2a(i),D1,NA,"PVA, indicated that observed rates of adult mortality (estimated at 9 mature individuals per year) on the local 10-km gravel road increased the probability of extinction from 7.3% to 99% over 500 years",demographic,THR,N,NRP,NRP,"Row, J.R., G. Blouin-Demers, and P.J. Weatherhead. 2007. Demographic effects of road mortality in black ratsnakes (Elaphe obsoleta). Biological Conservation 137: 117-124. ",PR,NA,Y,A,Y,"Refers to road mortality (CRITERION A), LISTED ","Demographic model used to assess mortality due to roads. Also refers to decrease in population by 30% over 3 generations. Edge (unpublished) developed a similar stage-based population model for Gray Ratsnake, using adult survival estimates from QUBS Gray Ratsnake data and published estimates of juvenile survival … To evaluate the effect of road mortality on population persistence, adult and juvenile survival were decreased in intervals of 1% until the population decreased by 30% over 3 generations (30 years). Each survival estimate scenario was run 999 times and the mean and 95% confidence intervals were calculated. With 1% additional mortality the population of mature individuals is predicted to decline by 34% (CI 18-50%) over the next 3 generations; with 3% additional mortality, the confidence intervals no longer overlapped 30% (Mean 57.5% CI 38-77%)",demographic,THR,Y,CI,MED,Edge (unpublished),UNP,unpublished model,Y,A,Y,30% projected decline from model referred to in criteria A,NA,NA,NA,NA,NA,NA,NA,NA,NA,NA,NA,NA,NA,NA,NA,NA,NA,NA,NA,NA,NA,NA,NA,NA,NA,NA,N,NA,NA,NA,NA
Aaliyah,Caitlin,769,36,blanding's turtle great lakes/st. lawrence population,Emydoidea blandingii,COSEWIC Status Reports,Threatened,"COSEWIC. 2016. COSEWIC assessment and status report on the Blanding√¢¬Ä¬ôs Turtle Emydoidea blandingii, Nova Scotia population and Great Lakes/St. Lawrence population, in Canada. Committee on the Status of Endangered Wildlife in Canada. Ottawa. xix + 110 pp.",https://species-registry.canada.ca/index-en.html#/species?sortBy=commonNameSort&sortDirection=asc&pageSize=10&keywords=blanding%27s%20turtle%20great%20lakes%20%2F%20st.%20lawrence%20population,10/24/17,2016,0,1,0,Reptiles,400000,9900,75,1,0,1,Endangered,ON QC,11/1/16,8/15/06,NA,A2bcde+3cde+4bcde,NA,NA,NA,NA,"Road mortality models based on the lowest road kill rate1 (estimated from four monitored subpopulations along major roadways in Ontario) and the highest estimated total population size of 45,000 adults, project that the Blanding’s Turtle, Great Lakes/St. Lawrence population will decline by 40% in the next 80 years (i.e., 2 generations) and by 50% in the next 117 years (i.e., < 3 generations; Appendix 3).",abundance,POP,N,NRP,NRP,NRP,NEW,Appendix 3 used as reference,Y,A,Y,Output mentioned in Criteria table,"Models predict: (i) a 7% annual loss of adult females due to all causes; (ii) a loss of 123 adult females in 50 years; and (iii) the extirpation of all adult females (~46% of the estimated subpopulation size) in <150 years (i.e., <4 generations; Enneson 2009).",abundance,POP,N,NRP,NRP,"Enneson, J.J. 2009. Report submitted to the Canadian Wildlife Service. 35 pp.",GL,Report for CWS,Y,A,N,Output not directly mentioned in table but relates to subpopulations,"The Decline in Relative Abundance of Blanding’s Turtles (Emydoidea blandingii) in Ontario Attributable to Historic Wetland Conversion- they use this model to estimate abundance, but the output that is reported under criteria A is related to habitat loss derived from this model",distribution,HAB,N,NRP,NRP,A report in support of the COSEWIC Update Status Report and Status Assessment in progress. AU: Matthew G. Keevil Submitted to Teresa Piraino 16 September 2015.,NEW,"appendix 1 outlines this model, and it says it is in support of the status report",Y,A,Y,"species listed under A, model output reference in table and applicability",NA,NA,NA,NA,NA,NA,NA,NA,NA,NA,NA,NA,NA,Y,Y,"OTH, DIS, THR","flag - lots of modifed closed-capture models, should these be seperate?",resolved
Caitlin,,893,65,northern rubber boa,Charina bottae,COSEWIC Status Reports,Special Concern,COSEWIC. 2016. COSEWIC assessment and status report on the Northern Rubber Boa Charina bottae in Canada. Committee on the Status of Endangered Wildlife in Canada. Ottawa. xiii + 38 pp,https://species-registry.canada.ca/index-en.html#/species?sortBy=commonNameSort&sortDirection=asc&pageSize=10&keywords=northern%20rubber%20boa,12/20/16,2016,0,1,0,Reptiles,135678,748,10,1,0,1,Special Concern,BC,4/1/16,1/12/05,NA,NA,NA,NA,NA,NA,NA,NA,NA,NA,NA,NA,NA,NA,NA,NA,NA,NA,NA,NA,NA,NA,NA,NA,NA,NA,NA,NA,NA,NA,NA,NA,NA,NA,NA,NA,NA,NA,NA,NA,NA,NA,NA,NA,NA,NA,NA,NA,NA,NA,NA,NA,NA,NA,NA,NA,NA,NA,N,NA,NA,NA,NA
Hossam/Lucas,Jayme,775,66,spiny softshell,Apalone spinifera,COSEWIC Status Reports,Threatened,COSEWIC. 2016. COSEWIC assessment and status report on the Spiny Softshell Apalone spinifera in Canada. Committee on the Status of Endangered Wildlife in Canada. Ottawa. xiii ;+ ;38 ;pp,https://species-registry.canada.ca/index-en.html#/species?sortBy=commonNameSort&sortDirection=asc&pageSize=10&keywords=spiny%20softshell,1/11/17,2016,0,1,0,Reptiles,24851,600,10,1,0,1,Endangered,ON QC,4/1/16,1/12/05,Uplist,A2bcd+3bcd+4bcd,NA,NA,NA,NA,NA,NA,NA,NA,NA,NA,NA,NA,NA,NA,NA,NA,NA,NA,NA,NA,NA,NA,NA,NA,NA,NA,NA,NA,NA,NA,NA,NA,NA,NA,NA,NA,NA,NA,NA,NA,NA,NA,NA,NA,NA,NA,NA,NA,NA,NA,NA,NA,NA,NA,NA,NA,N,N,NA,NA,NA
Hossam,Aaliyah,782,81,great basin gophersnake,Pituophis catenifer deserticola,COSEWIC Status Reports,Threatened,COSEWIC. 2013. COSEWIC assessment and status report on the Great Basin Gophersnake Pituophis catenifer deserticola in Canada. Committee on the Status of Endangered Wildlife in Canada. Ottawa. xi + 53 pp.,https://species-registry.canada.ca/index-en.html#/species?sortBy=commonNameSort&sortDirection=asc&pageSize=10&keywords=great%20basin%20gophersnake,1/8/14,2013,0,1,0,Reptiles,34156,1044,15,1,0,1,Threatened,BC,5/1/13,1/12/05,NA,A3b,NA,NA,NA,NA,Age-based population projection matrix,demographic ,POP,N,NRP,NRP,Reed 2013,UNP,Unpublished report prepared in support for COSEWIC status assessment,Y,"A, C",Y,"Model output states reduced of 40-50% over the next three generations. Species listed under criteria A: ""continuing decline of >30% is projected and suspected over the next 3 generations"". Not listed under Criteria C but model output used to infrom criteria: ""there is an estimated continuing
decline of >10% within 3 generations. However, there are no robust population estimates for the species
in Canada.""",NA,NA,NA,NA,NA,NA,NA,NA,NA,NA,NA,NA,NA,NA,NA,NA,NA,NA,NA,NA,NA,NA,NA,NA,NA,NA,NA,NA,NA,NA,NA,NA,NA,NA,NA,NA,NA,NA,NA,Y,Y,"BIO, OTH","Flag - second and third model's output not mentioned in applicability of criteria or technical summary - should potentially be considered ""other model mentioned""",resolved
Hossam,,876,111,lake erie watersnake,Nerodia sipedon insularum,COSEWIC Status Reports,Endangered,COSEWIC. 2015. COSEWIC assessment and status report on the Lake Erie Watersnake Nerodia sipedon insularum in Canada. Committee on the Status of Endangered Wildlife in Canada. Ottawa. xi + 37 pp.,https://species-registry.canada.ca/index-en.html#/species?sortBy=commonNameSort&sortDirection=asc&pageSize=10&keywords=lake%20erie%20watersnake,10/13/16,2015,0,1,0,Reptiles,188,72,3.5,1,0,1,Special Concern,ON,11/1/15,3/5/09,Downlist,NA,NA,NA,NA,NA,NA,NA,NA,NA,NA,NA,NA,NA,NA,NA,NA,NA,NA,NA,NA,NA,NA,NA,NA,NA,NA,NA,NA,NA,NA,NA,NA,NA,NA,NA,NA,NA,NA,NA,NA,NA,NA,NA,NA,NA,NA,NA,NA,NA,NA,NA,NA,NA,NA,NA,NA,NA,N,N,NA,NA,NA
Lucas,Caitlin,779,116,western rattlesnake,Crotalus oreganus,COSEWIC Status Reports,Threatened,COSEWIC. 2015. COSEWIC assessment and status report on the Western Rattlesnake Crotalus oreganus in Canada. Committee on the Status of Endangered Wildlife in Canada. Ottawa. xi + 44 pp.,https://species-registry.canada.ca/index-en.html#/species?sortBy=commonNameSort&sortDirection=asc&pageSize=10&keywords=western%20rattlesnake,11/20/15,2015,0,1,0,Reptiles,27846,1114,10,1,0,1,Threatened,BC,5/1/15,7/14/05,NA,A3cd+4cd,NA,NA,NA,NA,"flag-previously described habitat suitability model then used to estimate population size, unsure if this should be two entries- two different outputs- ""Aquila Conservation & Environment Consulting (2014) estimated the provincial population through a habitat modelling exercise based on the density of snakes recorded on the Osoyoos Indian Reserve over a ten-year period""",distributional,POP,NRP,NRP,NRP,"Aquila Conservation & Environment Consulting. 2014. Population size and demographic parameters in Western Rattlesnakes, Crotalus oreganus, in British Columbia. Unpubl. report to Environment Canada, Delta, British Columbia",GL,consulting group submitted report to feds,Y,C,N,did not qualify for listing under criterion C,"population model-""A population model (Reed 2013) conducted as part of the status assessment for the Great Basin Gophersnake, another large snake occurring in the same general area, predicted a population decline of 30% or more across the species’ Canadian range within the next three generations, based on sensitivity of the population to excess adult mortality from roadkill and other sources, such as inadvertent and intentional killing (COSEWIC 2013). The predictions are at least as severe for the Western Rattlesnake, which is similarly vulnerable to roadkill and has a longer generation time than the Great Basin Gophersnake (~15 versus 8 years)""",abundance,POP,NRP,NRP,NRP,"Reed, E.T. 2013. Population model for female Great Basin Gophersnake. Unpubl. report prepared in support of COSEWIC status assessment. Canadian Wildlife Service, Ottawa [available from COSEWIC Secretariat, Ottawa, Ontario]",GL,govt report for a different species assessment,N,A,Y,"from applicability of criterion A: ""Meets Threatened A3cd, because there is a suspected decline of 30% or greater over the next 3-generation period (~45 years), based on loss and decline in quality of habitat and road mortality (c) and levels of persecution (d)""",NA,NA,NA,NA,NA,NA,NA,NA,NA,NA,NA,NA,NA,NA,NA,NA,NA,NA,NA,NA,NA,NA,NA,NA,NA,NA,Y,N,THR,flag-see flags,resolved
Lucas,Hossam,545,151,leatherback sea turtle atlantic population,Dermochelys coriacea,COSEWIC Status Reports,Endangered,COSEWIC. 2012. COSEWIC assessment and status report on the Leatherback Sea Turtle Dermochelys coriacea in Canada. Committee on the Status of Endangered Wildlife in Canada. Ottawa. xv + 58 pp.,https://species-registry.canada.ca/index-en.html#/species?sortBy=commonNameSort&sortDirection=asc&pageSize=10&keywords=leatherback%20sea%20turtle%20atlantic%20population,1/3/13,2012,0,1,0,Reptiles,NR,NR,1,0,0,1,Endangered,Atlantic_Ocean,5/1/12,6/5/03,NA,A2abd + 4abd,NA,NA,NA,NA,NA,NA,NA,NA,NA,NA,NA,NA,NA,NA,NA,NA,NA,NA,NA,NA,NA,NA,NA,NA,NA,NA,NA,NA,NA,NA,NA,NA,NA,NA,NA,NA,NA,NA,NA,NA,NA,NA,NA,NA,NA,NA,NA,NA,NA,NA,NA,NA,NA,NA,NA,NA,Y,Y,"OTH,POP",flag-see flags throughout,resolved
Hossam,,955,329,five-lined skink great lakes/st. lawrence population,Plestiodon fasciatus,COSEWIC Status Reports,Special Concern,COSEWIC 2007. COSEWIC assessment and update status report on the Five-lined Skink Eumeces fasciatus (Carolinian population and Great Lakes/St. Lawrence population) in Canada. Committee on the Status of Endangered Wildlife in Canada. Ottawa. vii + 50 pp.,https://species-registry.canada.ca/index-en.html#/species?sortBy=commonNameSort&sortDirection=asc&pageSize=10&keywords=five%20-%20lined%20skink%20great%20lakes%20%2F%20st.%20lawrence%20population,8/30/07,2007,0,1,0,Reptiles,29842,484,84,1,0,0,Special Concern,ON,4/1/07,3/5/09,List,NA,NA,NA,NA,NA,NA,NA,NA,NA,NA,NA,NA,NA,NA,NA,NA,NA,NA,NA,NA,NA,NA,NA,NA,NA,NA,NA,NA,NA,NA,NA,NA,NA,NA,NA,NA,NA,NA,NA,NA,NA,NA,NA,NA,NA,NA,NA,NA,NA,NA,NA,NA,NA,NA,NA,NA,NA,N,N,NA,NA,NA
Lucas,,792,406,desert nightsnake,Hypsiglena chlorophaea,COSEWIC Status Reports,Endangered,NA,https://species-registry.canada.ca/index-en.html#/species?sortBy=commonNameSort&sortDirection=asc&pageSize=10&keywords=desert%20nightsnake,NA,2011,1,1,0,Reptiles,834,76,2,1,0,1,Endangered,BC,5/1/11,6/5/03,NA,B1ab(iii)+2ab(iii),NA,NA,NA,NA,NA,NA,NA,NA,NA,NA,NA,NA,NA,NA,NA,NA,NA,NA,NA,NA,NA,NA,NA,NA,NA,NA,NA,NA,NA,NA,NA,NA,NA,NA,NA,NA,NA,NA,NA,NA,NA,NA,NA,NA,NA,NA,NA,NA,NA,NA,NA,NA,NA,NA,NA,NA,N,N,NA,NA,NA
Aaliyah,,917,408,snapping turtle,Chelydra serpentina,COSEWIC Status Reports,Special Concern,NA,https://species-registry.canada.ca/index-en.html#/species?sortBy=commonNameSort&sortDirection=asc&pageSize=10&keywords=snapping%20turtle,NA,2008,0,1,0,Reptiles,1455000,858000,1000,1,0,1,Special Concern,SK MB ON QC NB NS,11/1/08,2/4/11,List,exclude,exclude,exclude,exclude,exclude,exclude,exclude,exclude,exclude,exclude,exclude,exclude,exclude,exclude,exclude,exclude,exclude,exclude,exclude,exclude,exclude,exclude,exclude,exclude,exclude,exclude,exclude,exclude,exclude,exclude,exclude,exclude,exclude,exclude,exclude,exclude,exclude,exclude,exclude,exclude,exclude,exclude,exclude,exclude,exclude,exclude,exclude,exclude,exclude,exclude,exclude,exclude,exclude,exclude,exclude,exclude,exclude,exclude,exclude,exclude,exclude,NA
Caitlin/Aaliyah,Jayme,755,419,queensnake,Regina septemvittata,COSEWIC Status Reports,Endangered,COSEWIC. 2010. COSEWIC assessment and status report on the Queensnake Regina septemvittata in Canada. Committee on the Status of Endangered Wildlife in Canada. Ottawa. vii + 34 pp.,https://species-registry.canada.ca/index-en.html#/species?sortBy=commonNameSort&sortDirection=asc&pageSize=10&keywords=queensnake,9/3/10,2010,0,1,0,Reptiles,30000,80,9,1,0,1,Endangered,ON,4/1/10,6/5/03,Uplist,"B2ab(ii,iii,iv,v)",C2a(i),NA,NA,NA,"Lincoln index of population esitmation based on mark-recapture sutdy: ""Only one location has been sampled intensively or consistently enough for even a rough estimate of population size. At this location, a 200-m section of the North Thames River, the Queensnakes were subjected to a 3-year capture-mark-recapture study (Gillingwater, 2002; Piraino and Gillingwater, 2003-2004). The population size was estimated at about 50 adults using the Lincoln Index for population estimation. Recapture rates and population estimates were “consistent” but confidence limits were not calculated.""",Abundance,POP,N,NA,NRP,Gillingwater (2003); Piraino and Gillignwater 2003-2004,GL,references two government docs,Y,C,Y,"They refer to the total estimated population under Criteria C, ""total number of mature individuals is estimated to be less than 2,500 individuals, the population is observed to be declining and projected to decline further as habitat is degraded, and no population is known to exceed 250 mature individuals"". Similar to what is found in this estimate of mature individuals/adults ""The population size was estimated at about 50 adults""","population estimate based on mark-recapture study: ""site along Lake Erie in northern Ohio, a mark-recapture study estimated a population of 359 Queensnakes along 2 km of shoreline (Bekker, 2007).""",abundance,POP,N,NRP,NRP,Bekker (2007),GL,thesis,Y,C,N,"They mention that no Canadian population has come near the estimate by this Author ""No Canadian survey has revealed population sizes even close to as large as Bekker’s estimate.""",NA,NA,NA,NA,NA,NA,NA,NA,NA,NA,NA,NA,NA,NA,NA,NA,NA,NA,NA,NA,NA,NA,NA,NA,NA,NA,N,NA,NA,NA,NA
Lucas,Hossam,797,420,eastern foxsnake carolinian population,Pantherophis gloydi,COSEWIC Status Reports,Endangered,NA,https://species-registry.canada.ca/index-en.html#/species?sortBy=commonNameSort&sortDirection=asc&pageSize=10&keywords=eastern%20foxsnake%20carolinian%20population,NA,2008,0,1,0,Reptiles,18117,188,50,1,0,1,Endangered,ON,4/1/08,6/5/03,Uplist,"B2ab(ii,iii,iv) ",NA,NA,NA,NA,NA,NA,NA,NA,NA,NA,NA,NA,NA,NA,NA,NA,NA,NA,NA,NA,NA,NA,NA,NA,NA,NA,NA,NA,NA,NA,NA,NA,NA,NA,NA,NA,NA,NA,NA,NA,NA,NA,NA,NA,NA,NA,NA,NA,NA,NA,NA,NA,NA,NA,NA,NA,Y,Y,OTH,NA,NA
Caitlin,,895,501,western painted turtle intermountain-rocky mountain population,Chrysemys picta bellii,COSEWIC Status Reports,Special Concern,"COSEWIC. 2016. COSEWIC assessment and status report on the Western Painted Turtle Chrysemys picta bellii, Pacific Coast population, Intermountain √¢¬Ä¬ì Rocky Mountain population and Prairie/Western Boreal √¢¬Ä¬ì Canadian Shield population,in Canada. Committee on the Status of Endangered Wildlife in Canada. Ottawa. xxi + 95 pp.",https://species-registry.canada.ca/index-en.html#/species?sortBy=commonNameSort&sortDirection=asc&pageSize=10&keywords=western%20painted%20turtle%20intermountain%20-%20rocky%20mountain%20population,10/24/17,2016,0,1,0,Reptiles,118454,1176,10,1,0,1,Special Concern,BC,11/1/16,12/13/07,NA,NA,NA,NA,NA,NA,NA,NA,NA,NA,NA,NA,NA,NA,NA,NA,NA,NA,NA,NA,NA,NA,NA,NA,NA,NA,NA,NA,NA,NA,NA,NA,NA,NA,NA,NA,NA,NA,NA,NA,NA,NA,NA,NA,NA,NA,NA,NA,NA,NA,NA,NA,NA,NA,NA,NA,NA,NA,Y,N,HAB,NA,NA
Lucas,,,,eastern painted turtle,Chrysemys picta picta,COSEWIC Status Reports,Special Concern,COSEWIC. 2018. COSEWIC assessment and status report on the Midland Painted Turtle Chrysemys picta marginata and the Eastern Painted Turtle Chrysemys picta picta in Canada. Committee on the Status of Endangered Wildlife in Canada. Ottawa. xvi + 107 pp.,https://species-registry.canada.ca/index-en.html#/species?sortBy=commonNameSort&sortDirection=asc&pageSize=10&keywords=eastern%20painted%20turtle,2/11/19,2018,0,1,0,Reptiles,,,,,,,Special Concern,,,,,NA,NA,NA,NA,NA,NA,NA,NA,NA,NA,NA,NA,NA,NA,NA,NA,NA,NA,NA,NA,NA,NA,NA,NA,NA,NA,NA,NA,NA,NA,NA,NA,NA,NA,NA,NA,NA,NA,NA,NA,NA,NA,NA,NA,NA,NA,NA,NA,NA,NA,NA,NA,NA,NA,NA,NA,NA,Y,Y,"HAB,THR,DIS","flag-Criterion B (Small Distribution Range and Decline or Fluctuation): Not applicable. While IAO is below threshold values for Threatened, only 1 subcriterion (b) is met (i.e. continuing declines in quality of habitat and number of mature individuals). Subciterion (a) and (c) are not met, there are >10 locations, severe fragmentation cannot be demonstrated, and population fluctuations are not extreme. IAO is an underestimate based mainly on incidental observations",resolved-criteria discrepancy
Lucas,Hossam,877,77,phantom orchid,Cephalanthera austiniae,COSEWIC Status Reports,Threatened,COSEWIC. 2014. COSEWIC assessment and status report on the Phantom Orchid Cephalanthera austiniae in Canada. Committee on the Status of Endangered Wildlife in Canada. Ottawa. xii + 45 pp.,https://species-registry.canada.ca/index-en.html#/species?sortBy=commonNameSort&sortDirection=asc&pageSize=10&keywords=phantom%20orchid,12/11/15,2014,0,1,0,Vascular Plants,2018,96,36,1,0,1,Endangered,BC,11/1/14,6/5/03,Uplist,"B1ab(ii,iii,iv,v)+2ab(ii,iii,iv,v)",C2a(i),NA,NA,NA,NA,NA,NA,NA,NA,NA,NA,NA,NA,NA,NA,NA,NA,NA,NA,NA,NA,NA,NA,NA,NA,NA,NA,NA,NA,NA,NA,NA,NA,NA,NA,NA,NA,NA,NA,NA,NA,NA,NA,NA,NA,NA,NA,NA,NA,NA,NA,NA,NA,NA,NA,NA,Y,Y,HAB,NA,
Hossam,Aaliyah,851,82,hare-footed locoweed,Oxytropis lagopus,COSEWIC Status Reports,Threatened,COSEWIC. 2014. COSEWIC assessment and status report on the Hare-footed Locoweed Oxytropis lagopus in Canada. Committee on the Status of Endangered Wildlife in Canada. Ottawa. xi + 61 pp,https://species-registry.canada.ca/index-en.html#/species?sortBy=commonNameSort&sortDirection=asc&pageSize=10&keywords=hare%20-%20footed%20locoweed,12/15/14,2014,0,1,0,Vascular Plants,229,124,10,1,0,1,Threatened,AB,5/1/14,2/2/18,List,B1ab(iii)+2ab(iii),NA,NA,NA,NA,NA,NA,NA,NA,NA,NA,NA,NA,NA,NA,NA,NA,NA,NA,NA,NA,NA,NA,NA,NA,NA,NA,NA,NA,NA,NA,NA,NA,NA,NA,NA,NA,NA,NA,NA,NA,NA,NA,NA,NA,NA,NA,NA,NA,NA,NA,NA,NA,NA,NA,NA,NA,Y,Y,"THR, BIO",NA,
Hossam,Jayme,644,139,victorin's gentian,Gentianopsis virgata ssp. victorinii,COSEWIC Status Reports,Threatened,COSEWIC. 2004. COSEWIC assessment and update status report on the Victorin¬ís gentian Gentianopsis procera macounii var. victorinii in Canada. Committee on the Status of Endangered Wildlife in Canada. Ottawa. vii + 24 pp.,https://species-registry.canada.ca/index-en.html#/species?sortBy=commonNameSort&sortDirection=asc&pageSize=10&keywords=victorin%27s%20gentian,5/1/04,2004,0,1,0,Vascular Plants,171,1,28,1,1,0,Threatened,QC,5/1/04,7/14/05,List,D2,NA,NA,NA,NA,NA,NA,NA,NA,NA,NA,NA,NA,NA,NA,NA,NA,NA,NA,NA,NA,NA,NA,NA,NA,NA,NA,NA,NA,NA,NA,NA,NA,NA,NA,NA,NA,NA,NA,NA,NA,NA,NA,NA,NA,NA,NA,NA,NA,NA,NA,NA,NA,NA,NA,NA,NA,N,N,NA,NA,
Aaliyah,Hossam,543,189,tiny cryptantha,Cryptantha minima,COSEWIC Status Reports,Threatened,COSEWIC. 2012. COSEWIC assessment and status report on the Tiny Cryptantha Cryptantha minima in Canada. Committee on the Status of Endangered Wildlife in Canada. Ottawa. x + 37 pp.,https://species-registry.canada.ca/index-en.html#/species?sortBy=commonNameSort&sortDirection=asc&pageSize=10&keywords=tiny%20cryptantha,1/3/13,2012,0,1,0,Vascular Plants,15726,284,10,1,0,1,Threatened,AB SK,5/1/12,6/5/03,Downlist,B1b(iii)c(iv)+2b(iii)c(iv),NA,NA,NA,NA,NA,NA,NA,NA,NA,NA,NA,NA,NA,NA,NA,NA,NA,NA,NA,NA,NA,NA,NA,NA,NA,NA,NA,NA,NA,NA,NA,NA,NA,NA,NA,NA,NA,NA,NA,NA,NA,NA,NA,NA,NA,NA,NA,NA,NA,NA,NA,NA,NA,NA,NA,NA,Y,Y,HAB,NA,NA
Aaliyah,Hossam,760,225,drooping trillium,Trillium flexipes,COSEWIC Status Reports,Endangered,COSEWIC. 2009. COSEWIC assessment and update status report on the Drooping Trillium Trillium flexipes in Canada. Committee on the Status of Endangered Wildlife in Canada. Ottawa. vi + 31 pp.,https://species-registry.canada.ca/index-en.html#/species?sortBy=commonNameSort&sortDirection=asc&pageSize=10&keywords=drooping%20trillium,8/28/09,2009,0,1,0,Vascular Plants,7,8,2,1,0,1,Endangered,ON,4/1/09,6/5/03,NA,B1ab(iii)+2ab(iii),NA,NA,NA,NA,NA,NA,NA,NA,NA,NA,NA,NA,NA,NA,NA,NA,NA,NA,NA,NA,NA,NA,NA,NA,NA,NA,NA,NA,NA,NA,NA,NA,NA,NA,NA,NA,NA,NA,NA,NA,NA,NA,NA,NA,NA,NA,NA,NA,NA,NA,NA,NA,NA,NA,NA,NA,N,NA,NA,NA,
Hossam,Jayme,1027,226,dwarf woolly-heads southern mountain population,Psilocarphus brevissimus,COSEWIC Status Reports,Endangered,"COSEWIC. 2006. COSEWIC assessment and update status report on the dwarf woolly-heads Psilocarphus brevissimus Southern Mountain population and Prairie population, in Canada. Committee on the Status of Endangered Wildlife in Canada. Ottawa. vi + 24 pp.",https://species-registry.canada.ca/index-en.html#/species?sortBy=commonNameSort&sortDirection=asc&pageSize=10&keywords=dwarf%20woolly%20-%20heads%20southern%20mountain%20population,8/30/06,2006,0,1,0,Vascular Plants,2,1.00E-03,3,1,0,1,Endangered,BC,4/1/06,12/13/07,List,B1ac(iv) + 2ac(iv),NA,NA,NA,NA,NA,NA,NA,NA,NA,NA,NA,NA,NA,NA,NA,NA,NA,NA,NA,NA,NA,NA,NA,NA,NA,NA,NA,NA,NA,NA,NA,NA,NA,NA,NA,NA,NA,NA,NA,NA,NA,NA,NA,NA,NA,NA,NA,NA,NA,NA,NA,NA,NA,NA,NA,NA,N,N,NA,NA,
Lucas,Hossam,615,227,eastern mountain avens,Geum peckii,COSEWIC Status Reports,Endangered,COSEWIC. 2010. COSEWIC assessment and status report on the Eastern Mountain Avens Geum peckii in Canada. Committee on the Status of Endangered Wildlife in Canada. Ottawa. x + 33 pp.,https://species-registry.canada.ca/index-en.html#/species?sortBy=commonNameSort&sortDirection=asc&pageSize=10&keywords=eastern%20mountain%20avens,9/3/10,2010,0,1,0,Vascular Plants,17,16,3,1,0,1,Endangered,NS,4/1/10,6/5/03,NA,A2c+4c,"B1ab(ii,iii)+2ab(ii,iii)",NA,NA,NA,NA,NA,NA,NA,NA,NA,NA,NA,NA,NA,NA,NA,NA,NA,NA,NA,NA,NA,NA,NA,NA,NA,NA,NA,NA,NA,NA,NA,NA,NA,NA,NA,NA,NA,NA,NA,NA,NA,NA,NA,NA,NA,NA,NA,NA,NA,NA,NA,NA,NA,NA,NA,Y,Y,BIO,NA,
Aaliyah,Hossam,555,234,seaside birds-foot lotus,Lotus formosissimus,COSEWIC Status Reports,Endangered,COSEWIC. 2010. COSEWIC assessment and status report on the Seaside Birds-foot LotusLotus formosissimus in Canada. Committee on the Status of Endangered Wildlife in Canada. Ottawa. ix + 19 pp.,https://species-registry.canada.ca/index-en.html#/species?sortBy=commonNameSort&sortDirection=asc&pageSize=10&keywords=seaside%20birds%20-%20foot%20lotus,9/9/11,2010,0,1,0,Vascular Plants,24,24,5,1,0,0,Endangered,BC,11/1/10,6/5/03,NA,B1ab(iii)+2ab(iii),NA,NA,NA,NA,NA,NA,NA,NA,NA,NA,NA,NA,NA,NA,NA,NA,NA,NA,NA,NA,NA,NA,NA,NA,NA,NA,NA,NA,NA,NA,NA,NA,NA,NA,NA,NA,NA,NA,NA,NA,NA,NA,NA,NA,NA,NA,NA,NA,NA,NA,NA,NA,NA,NA,NA,NA,N,NA,NA,NA,
Lucas,Hossam,648,236,skinner's agalinis,Agalinis skinneriana,COSEWIC Status Reports,Endangered,COSEWIC. 2010. COSEWIC assessment and status report on the Skinner's Agalinis Agalinis skinneriana in Canada. Committee on the Status of Endangered Wildlife in Canada. Ottawa. xi + 24 pp.,https://species-registry.canada.ca/index-en.html#/species?sortBy=commonNameSort&sortDirection=asc&pageSize=10&keywords=skinner%27s%20agalinis,9/9/11,2010,0,1,0,Vascular Plants,70,20,2,1,0,1,Endangered,ON,11/1/10,6/5/03,NA,"B1ab(i,ii,iii,iv,v)+B2ab(i,ii,iii,iv,v)",NA,NA,NA,NA,NA,NA,NA,NA,NA,NA,NA,NA,NA,NA,NA,NA,NA,NA,NA,NA,NA,NA,NA,NA,NA,NA,NA,NA,NA,NA,NA,NA,NA,NA,NA,NA,NA,NA,NA,NA,NA,NA,NA,NA,NA,NA,NA,NA,NA,NA,NA,NA,NA,NA,NA,NA,N,NA,NA,NA,
Aaliyah,Hossam,649,257,branched phacelia,Phacelia ramosissima,COSEWIC Status Reports,Endangered,COSEWIC. 2005. COSEWIC assessment and status report on the branched phacelia Phacelia ramosissima in Canada. Committee on the Status of Endangered Wildlife in Canada. Ottawa. vi + 18 pp.,https://species-registry.canada.ca/index-en.html#/species?sortBy=commonNameSort&sortDirection=asc&pageSize=10&keywords=branched%20phacelia,8/12/05,2005,0,1,0,Vascular Plants,42217,1,3,1,0,1,Endangered,BC,5/1/05,8/15/06,List,"B1ab (ii,iii,iv,v) + 2ab(ii,iii,iv,v)",NA,NA,NA,NA,NA,NA,NA,NA,NA,NA,NA,NA,NA,NA,NA,NA,NA,NA,NA,NA,NA,NA,NA,NA,NA,NA,NA,NA,NA,NA,NA,NA,NA,NA,NA,NA,NA,NA,NA,NA,NA,NA,NA,NA,NA,NA,NA,NA,NA,NA,NA,NA,NA,NA,NA,NA,N,NA,NA,NA,
Lucas,Hossam,711,266,eastern flowering dogwood,Cornus florida,COSEWIC Status Reports,Endangered,COSEWIC. 2007. COSEWIC assessment and status report on the eastern flowering dogwood Cornus florida in Canada.  Committee on the Status of Endangered Wildlife in Canada. Ottawa. vi + 22 pp.,https://species-registry.canada.ca/index-en.html#/species?sortBy=commonNameSort&sortDirection=asc&pageSize=10&keywords=eastern%20flowering%20dogwood,8/29/07,2007,0,1,0,Vascular Plants,22500,150,154,1,0,1,Endangered,ON,4/1/07,3/5/09,List,A3e + A4ae,C1 + C2a(i),NA,NA,NA,NA,NA,NA,NA,NA,NA,NA,NA,NA,NA,NA,NA,NA,NA,NA,NA,NA,NA,NA,NA,NA,NA,NA,NA,NA,NA,NA,NA,NA,NA,NA,NA,NA,NA,NA,NA,NA,NA,NA,NA,NA,NA,NA,NA,NA,NA,NA,NA,NA,NA,NA,NA,N,N,NA,NA,
Aaliyah,Hossam,685,279,short-rayed alkali aster,Symphyotrichum frondosum,COSEWIC Status Reports,Endangered,COSEWIC. 2006. COSEWIC assessment and status report on the short-rayed alkali aster Symphyotrichum frondosum in Canada. Committee on the Status of Endangered Wildlife in Canada. Ottawa.  vi + 22 pp.,https://species-registry.canada.ca/index-en.html#/species?sortBy=commonNameSort&sortDirection=asc&pageSize=10&keywords=short%20-%20rayed%20alkali%20aster,8/30/06,2006,0,1,0,Vascular Plants,56,1,4,1,0,1,Endangered,BC,4/1/06,12/13/07,List,"B1ab (ii, iii, iv, v) + 2ab(ii, iii, iv, v)",NA,NA,NA,NA,NA,NA,NA,NA,NA,NA,NA,NA,NA,NA,NA,NA,NA,NA,NA,NA,NA,NA,NA,NA,NA,NA,NA,NA,NA,NA,NA,NA,NA,NA,NA,NA,NA,NA,NA,NA,NA,NA,NA,NA,NA,NA,NA,NA,NA,NA,NA,NA,NA,NA,NA,NA,N,NA,NA,NA,
Hossam/Lucas,Jayme,783,282,spalding's campion,Silene spaldingii,COSEWIC Status Reports,Endangered,COSEWIC. 2005. COSEWIC assessment and status report on the Spalding's campion Silene spaldingii in Canada. Committee on the Status of Endangered Wildlife in Canada. Ottawa. vi + 18 pp.,https://species-registry.canada.ca/index-en.html#/species?sortBy=commonNameSort&sortDirection=asc&pageSize=10&keywords=spalding%27s%20campion,5/1/05,2005,0,1,0,Vascular Plants,1,1,1,1,0,1,Endangered,BC,5/1/05,8/15/06,List,B1ab (iii)+ ab (iii),"C2a (i, ii)",D1,NA,NA,NA,NA,NA,NA,NA,NA,NA,NA,NA,NA,NA,NA,NA,NA,NA,NA,NA,NA,NA,NA,NA,NA,NA,NA,NA,NA,NA,NA,NA,NA,NA,NA,NA,NA,NA,NA,NA,NA,NA,NA,NA,NA,NA,NA,NA,NA,NA,NA,NA,NA,NA,NA,N,N,NA,NA,
Lucas,Hossam,708,298,gray's desert-parsley,Lomatium grayi,COSEWIC Status Reports,Threatened,COSEWIC. 2008. COSEWIC assessment and status report on the Gray's Desert-parsley Lomatium grayi in Canada. Committee on the Status of Endangered Wildlife in Canada. Ottawa. vi + 27 pp.,https://species-registry.canada.ca/index-en.html#/species?sortBy=commonNameSort&sortDirection=asc&pageSize=10&keywords=gray%27s%20desert%20-%20parsley,8/28/09,2008,0,1,0,Vascular Plants,50,8,2,1,0,1,Threatened,BC,11/1/08,2/4/11,List,D2,NA,NA,NA,NA,NA,NA,NA,NA,NA,NA,NA,NA,NA,NA,NA,NA,NA,NA,NA,NA,NA,NA,NA,NA,NA,NA,NA,NA,NA,NA,NA,NA,NA,NA,NA,NA,NA,NA,NA,NA,NA,NA,NA,NA,NA,NA,NA,NA,NA,NA,NA,NA,NA,NA,NA,NA,N,NA,NA,"from applicability of criteria table criterion B: "" Extent of occurrence and area of occupancy are well below critical levels for endangered for the two populations but the populations have not been demonstrated to be at significant risk in the short term from the presence of invasive plants and impacts from rock climbing that would cause the species to become at imminent risk of extirpation""",
Lucas,Hossam,625,299,hill's thistle,Cirsium hillii,COSEWIC Status Reports,Threatened,COSEWIC. 2004. COSEWIC assessment and status report on Hill's thistle Cirsium hillii in Canada. Committee on the Status of Endangered Wildlife in Canada. Ottawa. vii + 34 pp.,https://species-registry.canada.ca/index-en.html#/species?sortBy=commonNameSort&sortDirection=asc&pageSize=10&keywords=hill%27s%20thistle,8/12/05,2004,0,1,0,Vascular Plants,3000,30,64,1,0,1,Threatened,ON,11/1/04,8/15/06,List,C2a(i),D1,NA,NA,NA,NA,NA,NA,NA,NA,NA,NA,NA,NA,NA,NA,NA,NA,NA,NA,NA,NA,NA,NA,NA,NA,NA,NA,NA,NA,NA,NA,NA,NA,NA,NA,NA,NA,NA,NA,NA,NA,NA,NA,NA,NA,NA,NA,NA,NA,NA,NA,NA,NA,NA,NA,NA,N,NA,NA,"""Alpha-numeric code: Met criterion for Endangered, C2a(i), but designated Threatened, C2a(i); D1, because the species is not at imminent risk of extirpation due to the occurrence of numerous sites, some in protected areas.""",
Lucas,Hossam,801,302,mountain holly fern,Polystichum scopulinum,COSEWIC Status Reports,Threatened,COSEWIC. 2005. COSEWIC assessment and status report on the mountain holly fern Polystichum scopulinum in Canada. Committee on the Status of Endangered Wildlife in Canada. Ottawa. vii + 18 pp.,https://species-registry.canada.ca/index-en.html#/species?sortBy=commonNameSort&sortDirection=asc&pageSize=10&keywords=mountain%20holly%20fern,5/1/05,2005,0,1,0,Vascular Plants,0.48,1.30E-02,3,1,0,1,Threatened,BC QC NL,5/1/05,8/15/06,List,"B1ab(iii,v)+2ab(iii,v)",C2a(i),D1+2,NA,NA,NA,NA,NA,NA,NA,NA,NA,NA,NA,NA,NA,NA,NA,NA,NA,NA,NA,NA,NA,NA,NA,NA,NA,NA,NA,NA,NA,NA,NA,NA,NA,NA,NA,NA,NA,NA,NA,NA,NA,NA,NA,NA,NA,NA,NA,NA,NA,NA,NA,NA,NA,NA,N,NA,NA,"""Alpha-numeric code: Met criteria for Endangered, B1ab(iii,v)+2ab(iii,v), but designated Threatened because of the uncertainty about the imminent threats from mining activities at the British Columbia sites. The species is also protected in Quebec. Criteria met for Threatened: B1ab(iii,v)+2ab(iii,v); C2a(i); D1+2. """,
Aaliyah,Hossam,534,353,golden paintbrush,Castilleja levisecta,COSEWIC Status Reports,Endangered,COSEWIC. 2007. COSEWIC assessment and update status report on the golden paintbrush Castilleja levisecta in Canada. Committee on the Status of Endangered Wildlife in Canada. Ottawa. vii + 23 pp.,https://species-registry.canada.ca/index-en.html#/species?sortBy=commonNameSort&sortDirection=asc&pageSize=10&keywords=golden%20paintbrush,8/28/08,2007,0,1,0,Vascular Plants,2.2,4,2,1,0,1,Endangered,BC,11/1/07,6/5/03,NA,"B1ab(iii,v)+2 ab(iii,v)",NA,NA,NA,NA,NA,NA,NA,NA,NA,NA,NA,NA,NA,NA,NA,NA,NA,NA,NA,NA,NA,NA,NA,NA,NA,NA,NA,NA,NA,NA,NA,NA,NA,NA,NA,NA,NA,NA,NA,NA,NA,NA,NA,NA,NA,NA,NA,NA,NA,NA,NA,NA,NA,NA,NA,NA,Y,N,HAB,NA,
Aaliyah,Hossam,764,354,nodding pogonia,Triphora trianthophoros,COSEWIC Status Reports,Endangered,COSEWIC. 2010. COSEWIC assessment and status report on the Nodding Pogonia Triphora trianthophoros in Canada. Committee on the Status of Endangered Wildlife in Canada. Ottawa. x + 22 pp.,https://species-registry.canada.ca/index-en.html#/species?sortBy=commonNameSort&sortDirection=asc&pageSize=10&keywords=nodding%20pogonia,9/9/11,2010,0,1,0,Vascular Plants,62,16,5,1,0,1,Endangered,ON,11/1/10,6/5/03,NA,B1ab(iii)+2ab(iii),NA,NA,NA,NA,NA,NA,NA,NA,NA,NA,NA,NA,NA,NA,NA,NA,NA,NA,NA,NA,NA,NA,NA,NA,NA,NA,NA,NA,NA,NA,NA,NA,NA,NA,NA,NA,NA,NA,NA,NA,NA,NA,NA,NA,NA,NA,NA,NA,NA,NA,NA,NA,NA,NA,NA,NA,N,NA,NA,NA,
Hossam,Jayme,621,355,red mulberry,Morus rubra,COSEWIC Status Reports,Endangered,COSEWIC. 2014. COSEWIC assessment and status report on the Red Mulberry Morus rubra in Canada. Committee on the Status of Endangered Wildlife in Canada. Ottawa. xi + 22 pp.,https://species-registry.canada.ca/index-en.html#/species?sortBy=commonNameSort&sortDirection=asc&pageSize=10&keywords=red%20mulberry,12/11/15,2014,0,1,0,Vascular Plants,18700,104,3.5,1,0,1,Endangered,ON,11/1/14,6/5/03,NA,"B2ab(ii,iii,iv,v)",C2a(i),D1,NA,NA,NA,NA,NA,NA,NA,NA,NA,NA,NA,NA,NA,NA,NA,NA,NA,NA,NA,NA,NA,NA,NA,NA,NA,NA,NA,NA,NA,NA,NA,NA,NA,NA,NA,NA,NA,NA,NA,NA,NA,NA,NA,NA,NA,NA,NA,NA,NA,NA,NA,NA,NA,NA,N,N,NA,NA,
Hossam,Jayme,732,360,colicroot,Aletris farinosa,COSEWIC Status Reports,Threatened,COSEWIC. 2015. COSEWIC assessment and status report on the Colicroot Aletris farinosa in Canada. Committee on the Status of Endangered Wildlife in Canada. Ottawa. xiii + 39 pp.,https://species-registry.canada.ca/index-en.html#/species?sortBy=commonNameSort&sortDirection=asc&pageSize=10&keywords=colicroot,10/13/16,2015,0,1,0,Vascular Plants,1967,32,10,1,0,1,Endangered,ON,11/1/15,6/5/03,Uplist,A2ace +3ce+4ace,NA,NA,NA,NA,NA,NA,NA,NA,NA,NA,NA,NA,NA,NA,NA,NA,NA,NA,NA,NA,NA,NA,NA,NA,NA,NA,NA,NA,NA,NA,NA,NA,NA,NA,NA,NA,NA,NA,NA,NA,NA,NA,NA,NA,NA,NA,NA,NA,NA,NA,NA,NA,NA,NA,NA,NA,N,N,NA,NA,
Hossam,Jayme,2118,523,american water-willow,Justicia americana,COSEWIC Status Reports,Threatened,COSEWIC. 2021. COSEWIC assessment and status report on the American Water-willow Justicia americana in Canada. Committee on the Status of Endangered Wildlife in Canada. Ottawa. xi + 36 pp.,NE,1/14/22,2021,0,1,0,Vascular Plants,NE,NE,NE,NE,NE,NE,Threatened,NE,NE,6/5/03,NE,A2ace+4ace,NA,NA,NA,NA,NA,NA,NA,NA,NA,NA,NA,NA,NA,NA,NA,NA,NA,NA,NA,NA,NA,NA,NA,NA,NA,NA,NA,NA,NA,NA,NA,NA,NA,NA,NA,NA,NA,NA,NA,NA,NA,NA,NA,NA,NA,NA,NA,NA,NA,NA,NA,NA,NA,NA,NA,NA,N,N,NA,NA,
Hossam/Lucas,Jayme,2122,533,deerberry,Vaccinium stamineum,COSEWIC Status Reports,Threatened,COSEWIC. 2020. COSEWIC assessment and status report on the Deerberry Vaccinium stamineum in Canada. Committee on the Status of Endangered Wildlife in Canada. Ottawa. xii + 37 pp.,https://species-registry.canada.ca/index-en.html#/species?sortBy=commonNameSort&sortDirection=asc&pageSize=10&keywords=Vaccinium%20stamineum,10/12/21,2020,0,1,0,Vascular Plants,NE,NE,NE,NE,NE,NE,Threatened,NE,NE,6/5/03,NE,"B1ab(i,ii,iii,iv,v)+2ab(i,ii,iii,iv,v)",NA,NA,NA,NA,NA,NA,NA,NA,NA,NA,NA,NA,NA,NA,NA,NA,NA,NA,NA,NA,NA,NA,NA,NA,NA,NA,NA,NA,NA,NA,NA,NA,NA,NA,NA,NA,NA,NA,NA,NA,NA,NA,NA,NA,NA,NA,NA,NA,NA,NA,NA,NA,NA,NA,NA,NA,NA,NA,NA,"""Alpha-numeric codes: Meets Endangered, B1ab(i,ii,iii,iv,v)+2ab(i,ii,iii,iv,v), but designated Threatened, B1ab(i,ii,iii,iv,v)+2ab(i,ii,iii,iv,v), because the species is not at risk of imminent extirpation.""",
Hossam,Jayme,2133,520,slender mouse-ear-cress,Crucihimalaya virgata,COSEWIC Status Reports,Threatened,COSEWIC. 2022. COSEWIC assessment and status report on the Slender Mouse-ear-cress Crucihimalaya virgata in Canada. Committee on the Status of Endangered Wildlife in Canada. Ottawa. xi + 40 pp.,https://species-registry.canada.ca/index-en.html#/species?sortBy=commonNameSort&sortDirection=asc&pageSize=10&keywords=Crucihimalaya%20virgata,10/18/23,2022,0,1,0,Vascular Plants,NE,NE,NE,NE,NE,NE,Threatened,NE,NE,6/5/03,NE,C2a(i),NA,NA,NA,NA,NA,NA,NA,NA,NA,NA,NA,NA,NA,NA,NA,NA,NA,NA,NA,NA,NA,NA,NA,NA,NA,NA,NA,NA,NA,NA,NA,NA,NA,NA,NA,NA,NA,NA,NA,NA,NA,NA,NA,NA,NA,NA,NA,NA,NA,NA,NA,NA,NA,NA,NA,NA,N,N,NA,NA,
Aaliyah/Caitlin,Jayme,,,quebec rockcress,Boechera quebecensis,COSEWIC Status Reports,Endangered,COSEWIC. 2017. COSEWIC assessment and status report on the Quebec Rockcress Boechera quebecensis in Canada. Committee on the Status of Endangered Wildlife in Canada. Ottawa. x + 32 pp.,https://species-registry.canada.ca/index-en.html#/species?sortBy=commonNameSort&sortDirection=asc&pageSize=10&keywords=Boechera%20quebecensis,10/15/18,2017,0,1,0,Vascular Plants,,,,,,,Endangered,,,,,"B2ab(iii,v); C2a(i)",NA,NA,NA,NA,NA,NA,NA,NA,NA,NA,NA,NA,NA,NA,NA,NA,NA,NA,NA,NA,NA,NA,NA,NA,NA,NA,NA,NA,NA,NA,NA,NA,NA,NA,NA,NA,NA,NA,NA,NA,NA,NA,NA,NA,NA,NA,NA,NA,NA,NA,NA,NA,NA,NA,NA,NA,Y,N,THR,Report mentions climate model projections but not explicit model pg21,
Aaliyah,Hossam,,,gillman’s goldenrod,Solidago gillmanii,COSEWIC Status Reports,Endangered,COSEWIC. 2019. COSEWIC assessment and status report on the Gillman’s Goldenrod Solidago gillmanii in Canada. Committee on the Status of Endangered Wildlife in Canada. Ottawa. x + 43 pp.,https://species-registry.canada.ca/index-en.html#/species?sortBy=commonNameSort&sortDirection=asc&pageSize=10&keywords=Solidago%20gillmanii,10/14/20,2019,0,1,0,Vascular Plants,,,,,,,Endangered,,,,,B1ab(iii)+2ab(iii),NA,NA,NA,NA,NA,NA,NA,NA,NA,NA,NA,NA,NA,NA,NA,NA,NA,NA,NA,NA,NA,NA,NA,NA,NA,NA,NA,NA,NA,NA,NA,NA,NA,NA,NA,NA,NA,NA,NA,NA,NA,NA,NA,NA,NA,NA,NA,NA,NA,NA,NA,NA,NA,NA,NA,NA,Y,N,THR,report mentions climate model projections but not explicit model pg30,
Hossam,Jayme,,,green-scaled willow,Salix chlorolepis,COSEWIC Status Reports,Threatened,COSEWIC. 2020. COSEWIC assessment and status report on the Green-scaled Willow Salix chlorolepis in Canada. Committee on the Status of Endangered Wildlife in Canada. Ottawa. xi + 26 pp.,https://species-registry.canada.ca/index-en.html#/species?sortBy=commonNameSort&sortDirection=asc&pageSize=10&keywords=Salix%20chlorolepis,10/12/21,2020,0,1,0,Vascular Plants,,,,,,,Threatened,,,,,D1,NA,NA,NA,NA,NA,NA,NA,NA,NA,NA,NA,NA,NA,NA,NA,NA,NA,NA,NA,NA,NA,NA,NA,NA,NA,NA,NA,NA,NA,NA,NA,NA,NA,NA,NA,NA,NA,NA,NA,NA,NA,NA,NA,NA,NA,NA,NA,NA,NA,NA,NA,NA,NA,NA,NA,NA,N,N,NA,Report mentions climate change modelling but does not directly reference any models. Pages 5 and 7. ,
Lucas,Aaliyah,,,gulf of st. lawrence aster,Symphyotrichum laurentianum,COSEWIC Status Reports,Threatened,COSEWIC. 2023. COSEWIC assessment and status report on the Gulf of St. Lawrence Aster Symphyotrichum laurentianum in Canada. Committee on the Status of Endangered Wildlife in Canada. Ottawa. xiv + 47 pp.,https://species-registry.canada.ca/index-en.html#/species?sortBy=commonNameSort&sortDirection=asc&pageSize=10&keywords=Symphyotrichum%20laurentianum,1/23/24,2023,0,1,0,Vascular Plants,,,,,,,Endangered,,,,,A2abce+4abce,NA,NA,NA,NA,"graphed annual count totals and used two different fitted curves- first reported here is the 3rd order polynomial fitted curve. Figure 6 description: Population trend from 1999 to 2022. Data excluded for 2006, 2008, 2009, 2012, and 2019-2021 due to lack of sampling in the larger subpopulations. Red line is the 3rd polynomial curve (R2 = 67%); blue line is the exponential curve (R2 = 60%). ",abundance,POP,N,NRP,NRP,NRP,NEW,"no citation in text, appears they used existing data to create figure 6",Y,A,Y,"model shows decline of greater than 50% and is referred to in applicability of criteria ""Meets Endangered, A2abce+4abce. Estimated decline of greater than 50% in the number of mature individuals over the past three generations (about 9–15 years) and estimated and suspected decline greater than 50% over three generations spanning past and future.""",graphed annual count totals and used two different fitted curves- second reported here is the exponential fitted curve,abundance,POP,N,NRP,NRP,NRP,NEW,"no citation in text, appears they used existing data to create figure 6",Y,A,Y,"model shows decline of greater than 50% and is referred to in applicability of criteria ""Meets Endangered, A2abce+4abce. Estimated decline of greater than 50% in the number of mature individuals over the past three generations (about 9–15 years) and estimated and suspected decline greater than 50% over three generations spanning past and future.""",NA,NA,NA,NA,NA,NA,NA,NA,NA,NA,NA,NA,NA,NA,NA,NA,NA,NA,NA,NA,NA,NA,NA,NA,NA,NA,Y,Y,"THR, OTH",double check- should these be one model or two,
Lucas,Aaliyah,,,dusky dune moth,Copablepharon longipenne,COSEWIC Status Reports,Endangered,COSEWIC. 2022. COSEWIC assessment and status report on the Dusky Dune Moth Copablepharon longipenne in Canada. Committee on the Status of Endangered Wildlife in Canada. Ottawa. xii + 59 pp.,,4/11/23,2022,0,1,0,Arthropods,,,,,,,Threatened,,,,,B2ab(iii),NA,NA,NA,NA,"model only alluded to in text but the citation indicates a model was used: ""Hugenholtz, C.H. and S.A. Wolfe. 2005b. Biogeomorphic model of dune field activation and stabilization on the northern Great Plains. Geomorphology 70:53-70. """,other,"HAB, POP",N,NA,NA,"Hugenholtz, C.H. and S.A. Wolfe. 2005b. Biogeomorphic model of dune field activation and stabilization on the northern Great Plains. Geomorphology 70:53-70.",PR,cited clearly,N,B,Y,".""Based on the stabilization trends of active sand dunes in the southern Canadian prairies (Hugenholtz and Wolfe 2005; Wolfe 2001), COSEWIC (2007) inferred that Dusky Dune Moth subpopulations are declining at a rate of 10–20% per decade."" applicability of criteria: ""May meet Endangered B2, with an IAO of 124 km² and (b) an inferred and projected continuing decline of (iii) quality of habitat."" From technical summary: ""Yes, inferred, and projected decline in area, extent and quality of habitat based on ecosystem modifications that result from the gradual succession of vegetation into the open dune habitats.""",NA,NA,NA,NA,NA,NA,NA,NA,NA,NA,NA,NA,NA,NA,NA,NA,NA,NA,NA,NA,NA,NA,NA,NA,NA,NA,NA,NA,NA,NA,NA,NA,NA,NA,NA,NA,NA,NA,NA,Y,N,DIS,double check and see if we agree this should be included,
Aaliyah,Caitlin,923,117,western yellow-bellied racer,Coluber constrictor mormon,COSEWIC Status Reports,Special Concern,COSEWIC. 2015. COSEWIC assessment and status report on the Eastern Yellow-bellied Racer Coluber constrictor flaviventris and Western Yellow-bellied Racer Coluber constrictor mormon in Canada. Committee on the Status of Endangered Wildlife in Canada. Ottawa. xvii + 64 pp.,https://species-registry.canada.ca/index-en.html#/species?sortBy=commonNameSort&sortDirection=asc&pageSize=10&keywords=western%20yellow%20-%20bellied%20racer,10/13/16,2015,0,1,0,Reptiles,48493,1000,100,1,0,1,Threatened,BC,11/1/15,8/15/06,NA,C2a(i),NA,NA,NA,NA,"Projected and suspected decline of >30% based primarily on road mortality and habitat loss and degradation, supported by population model developed for the sympatric Great Basin Gophersnake with similar life history characteristics and ecology.",demographic,POP,N,NRP,NRP,"Reed, E.T. 2013. Population model for female Great Basin Gophersnake. Unpubl.
report prepared in support of COSEWIC status assessment. Canadian Wildlife
Service, Ottawa [available from COSEWIC Secretariat, Ottawa, Ontario].",UNP,citation says unpublished report for COSEWIC assessment,N,C,N,"model could relate to inferred decline in population size but not explicitly mentioned- Meets Threatened C2a(i) because there are estimated to be fewer than 10,000 mature individuals, there is an
observed and inferred decline in population size, and no subpopulation contains more than 1000 mature
individuals.",NA,NA,NA,NA,NA,NA,NA,NA,NA,NA,NA,NA,NA,NA,NA,NA,NA,NA,NA,NA,NA,NA,NA,NA,NA,NA,NA,NA,NA,NA,NA,NA,NA,NA,NA,NA,NA,NA,NA,N,NA,NA,NA,
Hossam,Jayme,661,196,rocky mountain sculpin eastslope populations,Cottus sp.,COSEWIC Status Reports,Threatened,"COSEWIC 2005. COSEWIC assessment and status report on the ""eastslope"" sculpin (St. Mary and Milk River population) Cottus sp. in Canada. Committee on the Status of Endangered Wildlife in Canada. Ottawa. vi + 30 pp.",https://species-registry.canada.ca/index-en.html#/species?sortBy=commonNameSort&sortDirection=asc&pageSize=10&keywords=rocky%20mountain%20sculpin%20eastslope%20populations,8/12/05,2005,0,1,0,Fishes (freshwater),2600,6,3,1,0,0,Threatened,AB,5/1/05,8/15/06,List,D2,NA,NA,NA,NA,NA,NA,NA,NA,NA,NA,NA,NA,NA,NA,NA,NA,NA,NA,NA,NA,NA,NA,NA,NA,NA,NA,NA,NA,NA,NA,NA,NA,NA,NA,NA,NA,NA,NA,NA,NA,NA,NA,NA,NA,NA,NA,NA,NA,NA,NA,NA,NA,NA,NA,NA,NA,N,N,NA,"Flag - not sure if you are referring to the ""eastslope"" species, which includes two populations, or if you meant to refer to one specific population",
Lucas,Hossam,,,five-spotted bogus yucca moth,Prodoxus quinquepunctellus,COSEWIC Status Reports,Endangered,COSEWIC 2006. COSEWIC assessment and status report on the Five-spotted Bogus Yucca Moth Prodoxus quinquepunctellus in Canada. Committee on the Status of Endangered Wildlife in Canada. Ottawa. vi + 31 pp.,https://species-registry.canada.ca/index-en.html#/species?sortBy=commonNameSort&sortDirection=asc&pageSize=10&keywords=Prodoxus%20quinquepunctellus,8/29/06,2006,0,1,0,Arthropods,,,,,,,Endangered,,,,,B1ac(iv)+2ac(iv),NA,NA,NA,NA,NA,NA,NA,NA,NA,NA,NA,NA,NA,NA,NA,NA,NA,NA,NA,NA,NA,NA,NA,NA,NA,NA,NA,NA,NA,NA,NA,NA,NA,NA,NA,NA,NA,NA,NA,NA,NA,NA,NA,NA,NA,NA,NA,NA,NA,NA,NA,NA,NA,NA,NA,NA,Y,Y,"DIS, POP",,
Aaliyah,Caitlin,154,1027,hoptree borer,Prays atomocella,COSEWIC Status Reports,Endangered,COSEWIC. 2015. COSEWIC assessment and status report on the Hoptree Borer Prays atomocella in Canada. Committee on the Status of Endangered Wildlife in Canada. Ottawa. x + 41 pp.,https://species-registry.canada.ca/index-en.html#/species?sortBy=commonNameSort&sortDirection=asc&pageSize=10&keywords=hoptree%20borer,10/13/16,2015,0,1,0,Arthropods,148 km2,28 km2,2,1,0,0,Endangered,ON,11/1/15,2/25/19,List,B1ab(iii)+2ab(iii),NA,NA,NA,NA,NA,NA,NA,NA,NA,NA,NA,NA,NA,NA,NA,NA,NA,NA,NA,NA,NA,NA,NA,NA,NA,NA,NA,NA,NA,NA,NA,NA,NA,NA,NA,NA,NA,NA,NA,NA,NA,NA,NA,NA,NA,NA,NA,NA,NA,NA,NA,NA,NA,NA,NA,NA,N,NA,NA,NA,
Hossam,Jayme,,,non-pollinating yucca moth,Tegeticula corruptrix,COSEWIC Status Reports,Endangered,COSEWIC 2006. COSEWIC assessment and status report on the Non-pollinating Yucca Moth Tegeticula corruptrix in Canada. Committee on the Status of Endangered Wildlife in Canada. Ottawa. vi + 24 pp.,https://species-registry.canada.ca/index-en.html#/species?sortBy=commonNameSort&sortDirection=asc&pageSize=10&keywords=Tegeticula%20corruptrix,8/29/06,2006,0,1,0,Arthropods,,,,,,,Endangered,,,,,B1ac(iv)+2ac(iv),NA,NA,NA,NA,NA,NA,NA,NA,NA,NA,NA,NA,NA,NA,NA,NA,NA,NA,NA,NA,NA,NA,NA,NA,NA,NA,NA,NA,NA,NA,NA,NA,NA,NA,NA,NA,NA,NA,NA,NA,NA,NA,NA,NA,NA,NA,NA,NA,NA,NA,NA,NA,NA,NA,NA,NA,N,N,NA,NA,
Lucas,Hossam,,,baikal sedge,Carex sabulosa,COSEWIC Status Reports,Special Concern,COSEWIC 2005. COSEWIC assessment and status report on the baikal sedge Carex sabulosa in Canada. Committee on the Status of Endangered Wildlife in Canada. Ottawa. vii + 23 pp.,https://species-registry.canada.ca/index-en.html#/species?sortBy=commonNameSort&sortDirection=asc&pageSize=10&keywords=Carex%20sabulosa,8/12/05,2005,0,1,0,Vascular Plants,,,,,,,Threatened,,,,,"B1ab(ii,iii,iv,v)+2ab(ii,iii,iv,v)",D2,NA,NA,NA,NA,NA,NA,NA,NA,NA,NA,NA,NA,NA,NA,NA,NA,NA,NA,NA,NA,NA,NA,NA,NA,NA,NA,NA,NA,NA,NA,NA,NA,NA,NA,NA,NA,NA,NA,NA,NA,NA,NA,NA,NA,NA,NA,NA,NA,NA,NA,NA,NA,NA,NA,NA,N,NA,NA,"""Met criterion for Endangered B1ab(ii,iii,iv,v)+2ab(ii,iii,iv,v), but designated Threatened because there are large numbers in protected areas and because of the low level of threats within these localities. Criteria met for Threatened B1ab(ii,iii,iv,v)+2ab(ii,iii,iv,v); D2""",
Aaliyah,Hossam,504,120,spotted wintergreen,Chimaphila maculata,COSEWIC Status Reports,Endangered,COSEWIC. 2017. COSEWIC assessment and status report on the Spotted Wintergreen Chimaphila maculata in Canada. Committee on the Status of Endangered Wildlife in Canada. Ottawa. xii + 39 pp.,https://species-registry.canada.ca/index-en.html#/species?sortBy=commonNameSort&sortDirection=asc&pageSize=10&keywords=spotted%20wintergreen,1/17/18,2017,0,1,0,Vascular Plants,1952,28,8,0,0,1,Threatened,ON QC,4/1/17,6/5/03,NA,"B1ab(i,ii,iv)+2ab(i,ii,iv)",NA,NA,NA,NA,NA,NA,NA,NA,NA,NA,NA,NA,NA,NA,NA,NA,NA,NA,NA,NA,NA,NA,NA,NA,NA,NA,NA,NA,NA,NA,NA,NA,NA,NA,NA,NA,NA,NA,NA,NA,NA,NA,NA,NA,NA,NA,NA,NA,NA,NA,NA,NA,NA,NA,NA,NA,N,NA,NA,NA,
Hossam,Jayme,,,spotted gar,Lepisosteus oculatus,COSEWIC Status Reports,Endangered,COSEWIC 2005. COSEWIC assessment and update status report on the spotted gar Lepisosteus oculatus in Canada. Committee on the Status of Endangered Wildlife in Canada. Ottawa. vi + 17 pp.,https://species-registry.canada.ca/index-en.html#/species?sortBy=commonNameSort&sortDirection=asc&pageSize=10&keywords=Lepisosteus%20oculatus,5/1/05,2005,0,1,0,Fishes (freshwater),,,,,,,Threatened,ON,11/1/15,6/5/03,Uplist,D2,NA,NA,NA,NA,NA,NA,NA,NA,NA,NA,NA,NA,NA,NA,NA,NA,NA,NA,NA,NA,NA,NA,NA,NA,NA,NA,NA,NA,NA,NA,NA,NA,NA,NA,NA,NA,NA,NA,NA,NA,NA,NA,NA,NA,NA,NA,NA,NA,NA,NA,NA,NA,NA,NA,NA,NA,N,N,NA,NA,
Lucas,Hossam,691,260,coast microseris,Microseris bigelovii,COSEWIC Status Reports,Endangered,COSEWIC 2006. COSEWIC assessment and status report on the coast microseris Microseris bigelovii in Canada. Committee on the Status of Endangered Wildlife in Canada. Ottawa. vi + 26 pp.,https://species-registry.canada.ca/index-en.html#/species?sortBy=commonNameSort&sortDirection=asc&pageSize=10&keywords=coast%20microseris,8/30/06,2006,0,1,0,Vascular Plants,20,1,6,1,0,0,Endangered,BC,4/1/06,12/13/07,List,"B1ab (ii, iii) + 2ab (ii, iii)",NA,NA,NA,NA,NA,NA,NA,NA,NA,NA,NA,NA,NA,NA,NA,NA,NA,NA,NA,NA,NA,NA,NA,NA,NA,NA,NA,NA,NA,NA,NA,NA,NA,NA,NA,NA,NA,NA,NA,NA,NA,NA,NA,NA,NA,NA,NA,NA,NA,NA,NA,NA,NA,NA,NA,NA,Y,Y,"DIS, HAB",,
Aaliyah,Hossam,2129,519,kentucky coffee-tree,Gymnocladus dioicus,COSEWIC Status Reports,Threatened,COSEWIC. 2021. COSEWIC assessment and status report on the Kentucky Coffee-tree Gymnocladus dioicus in Canada. Committee on the Status of Endangered Wildlife in Canada. Ottawa. xii + 43 pp.,https://species-registry.canada.ca/index-en.html#/species?sortBy=commonNameSort&sortDirection=asc&pageSize=10&keywords=Gymnocladus%20dioicus,12/20/21,2021,0,1,NA,Vascular Plants,NE,NE,NE,NE,NE,NE,Threatened,NE,NE,6/5/03,NE,D1,NA,NA,NA,NA,NA,NA,NA,NA,NA,NA,NA,NA,NA,NA,NA,NA,NA,NA,NA,NA,NA,NA,NA,NA,NA,NA,NA,NA,NA,NA,NA,NA,NA,NA,NA,NA,NA,NA,NA,NA,NA,NA,NA,NA,NA,NA,NA,NA,NA,NA,NA,NA,NA,NA,NA,NA,N,NA,NA,NA,
Hossam/Caitlin,Jayme,2135,531,western silvery aster,Symphyotrichum sericeum,COSEWIC Status Reports,Threatened,COSEWIC. 2021. COSEWIC assessment and status report on the Western Silvery Aster Symphyotrichum sericeum in Canada. Committee on the Status of Endangered Wildlife in Canada. Ottawa. xii + 44 pp.,https://species-registry.canada.ca/index-en.html#/species?sortBy=commonNameSort&sortDirection=asc&pageSize=10&keywords=Symphyotrichum%20sericeum,1/24/22,2021,0,1,NA,Vascular Plants,NE,NE,NE,NE,NE,NE,Threatened,NE,NE,6/5/03,NE,A3c+4ac,NA,NA,NA,NA,NA,NA,NA,NA,NA,NA,NA,NA,NA,NA,NA,NA,NA,NA,NA,NA,NA,NA,NA,NA,NA,NA,NA,NA,NA,NA,NA,NA,NA,NA,NA,NA,NA,NA,NA,NA,NA,NA,NA,NA,NA,NA,NA,NA,NA,NA,NA,NA,NA,NA,NA,NA,N,N,NA,NA,
Lucas,Aaliyah,,,eastern hog-nosed snake,Heterodon platirhinos,COSEWIC Status Reports,Threatened,COSEWIC. 2021. COSEWIC assessment and status report on the Eastern Hog-nosed Snake Heterodon platirhinos in Canada. Committee on the Status of Endangered Wildlife in Canada. Ottawa. xi + 45 pp.,https://species-registry.canada.ca/index-en.html#/species?sortBy=commonNameSort&sortDirection=asc&pageSize=10&keywords=Heterodon%20platirhinos,1/19/22,2021,0,1,0,Reptiles,,,,,,,Threatened,,,,,A2cde+3cde+4cde,NA,NA,NA,NA,"stage-based population model for Gray Ratsnake: ""Similarly, a stage-based population model for the Gray Ratsnake in Canada predicted that 1% additional mortality would result in declines of 34% (CI 18-50%) over the next 3 generations and that 3% additional mortality would result in a decline of 57.5% (CI 38-77%) (COSWIC 2018). Based on observed rates of road mortality and road density across the range of the Gray Ratsnake, COSEWIC (2018) inferred that additional mortality due to roads would likely fall within the range of these thresholds",demographic,THR,Y,CI,NA,"COSEWIC. 2018. COSEWIC assessment and status report on the Gray Ratsnake Pantherophis spiloides, Great Lakes / St. Lawrence population and Carolinian population in Canada. Ottawa. xvi + 44 pp",GL,model cited is from a previous COSEWIC report on gray ratsnake,N,A,Y,"species listed under A due to suspected reduction of >30%- this 30% is derived from the model reported, from technical summary: ""Suspected reduction of >30% due to road mortality, habitat loss and other threats. ""","stage-based population model for Great Basin Gophersnake: ""A stage-based population model of the Great Basin Gophersnake (Pituophis catenifer deserticola) predicted that excess mortality from roadkill would result in a 40–50% reduction in population size over 3 generations (COSEWIC 2013).""",demographic,THR,N,NRP,NA,COSEWIC. 2013. COSEWIC assessment and status report on the Great Basin Gophersnake Pituophis catenifer deserticola in Canada. Ottawa. xi + 53 pp.,GL,model cited is from a previous COSEWIC report on the gophersnake,N,A,Y,"species listed under A due to suspected reduction of >30%- this 30% is derived from the model reported, from technical summary: ""Suspected reduction of >30% due to road mortality, habitat loss and other threats. """,NA,NA,NA,NA,NA,NA,NA,NA,NA,NA,NA,NA,NA,NA,NA,NA,NA,NA,NA,NA,NA,NA,NA,NA,NA,NA,Y,Y,"DIS, HAB, POP, THR",NA,
Aaliyah,Caitlin,,,vole ears lichen,Erioderma mollissimum,COSEWIC Status Reports,Endangered,COSEWIC. 2021. COSEWIC assessment and status report on the Vole Ears Lichen Erioderma mollissimum in Canada. Committee on the Status of Endangered Wildlife in Canada. Ottawa. xiii + 68 pp.,https://species-registry.canada.ca/index-en.html#/species?sortBy=commonNameSort&sortDirection=asc&pageSize=10&keywords=Erioderma%20mollissimum,1/24/22,2022,0,1,0,Lichens,,,,,,,Endangered,,,,,"B2ab(i,ii,iii,iv,v)",NA,NA,NA,NA,"""Declines in occurrences were projected for three generations (60 years), by applying an exponential decline function, which assumes a constant annual proportional rate of decline... The three generation decline in occurrences ranged from 72% to 85%... Projected over three generations, using the same methods as described above, would result in a 65% reduction in the number of mature thalli (Table 6).""",abundance,POP,NRP,NRP,NRP,NRP,NEW,Calculations provided in appendix,Y,"A, C",N,"Model informs criteria A and C, not listed under those criteria. Quote: A: May meet Endangered, A3c, if the projected declines are accepted that indicate that the decline in the number of mature individuals may exceed 50% and may be as high as 75%.This is based on a projected decline in the number of occurrences over the next three generations (60 years)"" AND C:  ""as the estimated number of mature individuals is below the threshold of 2,500, if the estimated continuing decline in number of mature individuals of c. 50% (Table 5) within the next two generations (40 years) is accepted""",NA,NA,NA,NA,NA,NA,NA,NA,NA,NA,NA,NA,NA,NA,NA,NA,NA,NA,NA,NA,NA,NA,NA,NA,NA,NA,NA,NA,NA,NA,NA,NA,NA,NA,NA,NA,NA,NA,NA,Y,Y,POP,NA,
Hossam,Jayme,,,beluga whale st. lawrence estuary population,Delphinapterus leucas,COSEWIC Status Reports,Endangered,COSEWIC 2004. COSEWIC assessment and update status report on the beluga whale Delphinapterus leucas in Canada. Committee on the Status of Endangered Wildlife in Canada. Ottawa. ix + 70 pp.,https://species-registry.canada.ca/index-en.html#/species?sortBy=commonNameSort&sortDirection=asc&pageSize=10&keywords=beluga%20whale%20st.%20lawrence%20estuary%20population,5/1/04,2004,0,1,0,Mammals (marine),,,,,,,Threatened,,,,,D1,NA,NA,NA,NA,NA,NA,NA,NA,NA,NA,NA,NA,NA,NA,NA,NA,NA,NA,NA,NA,NA,NA,NA,NA,NA,NA,NA,NA,NA,NA,NA,NA,NA,NA,NA,NA,NA,NA,NA,NA,NA,NA,NA,NA,NA,NA,NA,NA,NA,NA,NA,NA,NA,NA,NA,NA,N,N,NA,*FLAG- models mentioned throughout report but only for other populations.,
Lucas,Hossam,,,round pigtoe,Pleurobema sintoxia,COSEWIC Status Reports,Endangered,COSEWIC 2004. COSEWIC assessment and status report on the round pigtoe Pleurobema sintoxia in Canada. Committee on the Status of Endangered Wildlife in Canada. Ottawa. vi + 33 pp.,https://species-registry.canada.ca/index-en.html#/species?sortBy=commonNameSort&sortDirection=asc&pageSize=10&keywords=Pleurobema%20sintoxia,5/1/04,2004,0,1,0,Molluscs,,,,,,,Endangered,,,,,A2ace,"B2ab(i,ii,iii,iv)",NA,NA,NA,NA,NA,NA,NA,NA,NA,NA,NA,NA,NA,NA,NA,NA,NA,NA,NA,NA,NA,NA,NA,NA,NA,NA,NA,NA,NA,NA,NA,NA,NA,NA,NA,NA,NA,NA,NA,NA,NA,NA,NA,NA,NA,NA,NA,NA,NA,NA,NA,NA,NA,NA,NA,Y,Y,POP,NA,
Jayme,Hossam,,,copper redhorse,Moxostoma hubbsi,COSEWIC Status Reports,Endangered,COSEWIC 2004. COSEWIC assessment and update status report on the copper redhorse Moxostoma hubbsi in Canada. Committee on the Status of Endangered Wildlife in Canada. Ottawa. vii + 38 pp.,https://species-registry.canada.ca/index-en.html#/species?sortBy=commonNameSort&sortDirection=asc&pageSize=10&keywords=Moxostoma%20hubbsi,8/12/05,2004,0,1,0,Fishes (freshwater),,,,,,,Endangered,,,,,A2c,B1ab(v)+2ab(v),NA,NA,NA,NA,NA,NA,NA,NA,NA,NA,NA,NA,NA,NA,NA,NA,NA,NA,NA,NA,NA,NA,NA,NA,NA,NA,NA,NA,NA,NA,NA,NA,NA,NA,NA,NA,NA,NA,NA,NA,NA,NA,NA,NA,NA,NA,NA,NA,NA,NA,NA,NA,NA,NA,NA,N,NA,NA,NA,
Jayme,Hossam,,,white flower moth,Schinia bimatris,COSEWIC Status Reports,Endangered,COSEWIC 2005. COSEWIC assessment and status report on the White Flower Moth Schinia bimatris in Canada. Committee on the Status of Endangered Wildlife in Canada. Ottawa. vi + 20 pp.,https://species-registry.canada.ca/index-en.html#/species?sortBy=commonNameSort&sortDirection=asc&pageSize=10&keywords=Schinia%20bimatris,5/1/05,2005,0,1,0,Arthropods,,,,,,,Endangered,,,,,B1ab(iii)c(iv)+2 ab(iii)+(c)(iv),NA,NA,NA,NA,NA,NA,NA,NA,NA,NA,NA,NA,NA,NA,NA,NA,NA,NA,NA,NA,NA,NA,NA,NA,NA,NA,NA,NA,NA,NA,NA,NA,NA,NA,NA,NA,NA,NA,NA,NA,NA,NA,NA,NA,NA,NA,NA,NA,NA,NA,NA,NA,NA,NA,NA,NA,N,NA,NA,NA,
Jayme,Hossam,,,butternut,Juglans cinerea,COSEWIC Status Reports,Endangered,COSEWIC 2003. COSEWIC assessment and status report on the butternut Juglans cinerea in Canada. Committee on the Status of Endangered Wildlife in Canada. Ottawa. vii + 32 pp.,https://species-registry.canada.ca/index-en.html#/species?sortBy=commonNameSort&sortDirection=asc&pageSize=10&keywords=Juglans%20cinerea,11/1/03,2003,0,1,0,Vascular Plants,,,,,,,Endangered,,,,,A3e + 4e,NA,NA,NA,NA,NA,NA,NA,NA,NA,NA,NA,NA,NA,NA,NA,NA,NA,NA,NA,NA,NA,NA,NA,NA,NA,NA,NA,NA,NA,NA,NA,NA,NA,NA,NA,NA,NA,NA,NA,NA,NA,NA,NA,NA,NA,NA,NA,NA,NA,NA,NA,NA,NA,NA,NA,NA,N,NA,NA,NA,
Jayme,Hossam,541,21,bear's-foot sanicle,Sanicula arctopoides,COSEWIC Status Reports,Endangered,COSEWIC. 2015. COSEWIC assessment and status report on the Bear¬ís-foot Sanicle Sanicula arctopoides in Canada. Committee on the Status of Endangered Wildlife in Canada. Ottawa. xi + 35 pp.,https://species-registry.canada.ca/index-en.html#/species?sortBy=commonNameSort&sortDirection=asc&pageSize=10&keywords=bear%27s%20-%20foot%20sanicle,10/13/16,2015,0,1,0,Vascular Plants,119,36,9,1,0,1,Threatened,BC,11/1/15,6/5/03,Downlist,"B1ab(i,ii,iii,iv,v)+2ab(i,ii,iii,iv,v)",NA,NA,NA,NA,NA,NA,NA,NA,NA,NA,NA,NA,NA,NA,NA,NA,NA,NA,NA,NA,NA,NA,NA,NA,NA,NA,NA,NA,NA,NA,NA,NA,NA,NA,NA,NA,NA,NA,NA,NA,NA,NA,NA,NA,NA,NA,NA,NA,NA,NA,NA,NA,NA,NA,NA,NA,Y,Y,THR,NA,
Jayme,Caitlin,,,bicknell’s thrush,Catharus bicknelli,COSEWIC Status Reports,Threatened,COSEWIC. 2022. COSEWIC assessment and status report on the Bicknell’s Thrush Catharus bicknelli in Canada. Committee on the Status of Endangered Wildlife in Canada. Ottawa. xii + 64 pp.,https://species-registry.canada.ca/index-en.html#/species?sortBy=commonNameSort&sortDirection=asc&pageSize=10&keywords=Catharus%20bicknelli,10/18/23,2022,0,1,0,Birds,,,,,,,Threatened,,,,,A2bce+3bce+4bce,NA,NA,NA,NA,"GAM: As far as I can tell, Smith used BBS survey data and ran GAMs to get two numbers: -31.9% and -53.7% which are Figures  and 11. These are for SHORT TERM trends. BBS data were used to get long-term trends by Smith as well (-8717%, in Figure 9). they both look like GAMs and the y-axis is the same but long-term trends not mentioned in Technical summary so I didn't include the long term model. ""In Canada, the annual rate of decline recorded by the BBS over 2009–2019, was -7.4% (95% CI: -20.73, 0.99), corresponding to a cumulative decline calculated using that annual rate of -53.7% (95% CI: -90.20, -10.34) (Smith et al. 2020; Table 2, Figure 11). The comparable rate of decline over the 5-year period of 2014–2019 was -31.9% (95% CI: -68.7%, +5.0%; Smith et al. 2020).""",abundance,POP,Y,CI,HIGH,Smith et al. 2020,GL,Government website: North AmericanBreeding Bird Survey,Y,A,Y,"31.7% decline is cited in the Technical Summary, and then referred as declines >30% to in the criteria A justification","Modelled breeding range of Bicknell’s Thrush in northeastern North America; ""the maximum IAO estimate of 54,208 km2 was obtained by overlaying the 2 x 2 km grid on the entire modelled habitat area (ECCC 2020; Figure 2)."" From the ECCC report, looks like a habitat model. ""IAO was estimated at 48,850 km2 in the previous status assessment (COSEWIC 2009), based on a breeding habitat predictive model, and the same estimate was cited in the Bicknell’s Thrush recovery strategy (ECCC 2020).""",distributional,DIST,N,NRP,NRP,ECCC (2020),GL,Goverment recovery strategy,Y,B,N,Modelled breeding habitat was used to estimate maximum IAO which informs B,NA,NA,NA,NA,NA,NA,NA,NA,NA,NA,NA,NA,NA,NA,NA,NA,NA,NA,NA,NA,NA,NA,NA,NA,NA,NA,Y,Y,"THR, DIST",NA,
Jayme,Caitlin,,,yelloweye rockfish pacific ocean inside waters population,Sebastes ruberrimus,COSEWIC Status Reports,Special Concern,"COSEWIC. 2020. COSEWIC assessment and status report on the Yelloweye Rockfish Sebastes ruberrimus, Pacific Ocean outside waters population and Pacific Ocean inside waters population in Canada. Committee on the Status of Endangered Wildlife in Canada. Ottawa. xvi + 72 pp.",https://species-registry.canada.ca/index-en.html#/species?sortBy=commonNameSort&sortDirection=asc&pageSize=10&keywords=yelloweye%20rockfish%20pacific%20ocean%20inside%20waters%20population,10/12/21,2020,0,1,0,Fishes (marine),,,,,,,Threatened,,,,,A2bd+4bd,NA,NA,NA,NA,"""An age-structured Stock Reduction Analysis (SRA) (DFO 2020b) modelling approach was used to generate 6 OMs (four reference set and two robustness set OMs) to estimate past population trajectories."" 6 total OMs built but they all seemed like variations of one. ""Current declines over the past 100 years (~2.5 generations) of > 50% are consistently estimated by all OMs.""",demographic,POP,Y,OTH,LOW,NA,NEW,seems to be generated just for this report,Y,A,Y,"From Technical Summary: ""Modelling estimates for the inside waters DU mature biomass declined by 68 - 88% from 1918 to 2019 (~ 2.5 generations)."" From Applicability of Criteria for A: ""Probability that population declines for these OMs separately exceeded 70% ranged from 0.43 to 0.99","Fishery management targets: ""Survey indices for Inside Waters Yelloweye Rockfish DU with 95% confidence intervals (vertical lines). Regression analysis trends indicate declining trends for the Hard-Bottom Long Line (HBLL) survey since 2002.""",abundance,POP,Y,CI,NRP,NA,NEW,seems to be made just for this report,Y,A,Y,"Under criteria A: ""modelling indicates that the population is near fishery management target levels","""Probability that the population, using each of the MPs examined, will on average, throughout the 100-year projection time-period, remain 2% or 5% above the LRP was 0.99 (DFO 2020b).""",abundance,POP,NA,NRP,NRP,DFO 2020b,GL,Government document,Y,A,Y,From criteria A: projection analysis indicates that the population is not in imminent danger of extinction,NA,NA,NA,NA,NA,NA,NA,NA,NA,NA,NA,NA,NA,N,N,NA,NA,
Jayme,Aaliyah,,,beluga whale cumberland sound population,Delphinapterus leucas,COSEWIC Status Reports,Threatened,"COSEWIC. 2020. COSEWIC assessment and status report on the Beluga Whale Delphinapterus leucas, Eastern High Arctic - Baffin Bay population, Cumberland Sound population, Ungava Bay population, Western Hudson Bay population, Eastern Hudson Bay population and James Bay population in Canada. Committee on the Status of Endangered Wildlife in Canada. Ottawa. xxxv + 84 pp.",https://species-registry.canada.ca/index-en.html#/species?sortBy=commonNameSort&sortDirection=asc&pageSize=10&keywords=beluga%20whale%20cumberland%20sound%20population,10/12/21,2020,0,1,0,Mammals (marine),,,,,,,Endangered,,,,,A2bd+4bd,C1+2a(ii),NA,NA,NA,"""Projections assuming a stable catch of 41 Belugas per year indicated that this DU’s abundance would fall about by about 29% between 2018 and 2028 (Department of Fisheries and Oceans 2019; Fig. 2)""",abundance,POP,N,NRP,NRP,Department of Fisheries and Oceans 2019,GL,Science advisory report generated by the DFO,Y,"A,C",Y,29.3% projected deline from model referenced directly in Technical Summary and under each of the Applicability of Criteria tables for A and C,"""Another aerial survey was conducted in summer 2017 and it provided the basis for a modelled estimate of 1,090 (95% CI: 617-1864) Belugas (Department of Fisheries and Oceans 2019; Watt et al. 2020)"" From Watt et al. "" Long-term trends in abundance were examined by fitting a Bayesian surplus-production population model to a time series of abundance estimates""",abundance,POP,Y,CI,MED,Watt et al. 2020,PR,Published in a journal,Y,"A,C,D",Y,Population estimates (1090 individuals and and 62% decline) from model referenced directly in Technical Summary and under each of the Applicability of Criteria tables for A and C. Same Number was used to get # of mature individuals for D by multiplying by 68% (see TS),NA,NA,NA,NA,NA,NA,NA,NA,NA,NA,NA,NA,NA,NA,NA,NA,NA,NA,NA,NA,NA,NA,NA,NA,NA,NA,Y,Y,"POP, THR",NA,
Jayme,Aaliyah,,,swift fox,Vulpes velox,COSEWIC Status Reports,Threatened,COSEWIC. 2021. COSEWIC assessment and status report on the Swift Fox Vulpes velox in Canada. Committee on the Status of Endangered Wildlife in Canada. Ottawa. xii + 61 pp.,https://species-registry.canada.ca/index-en.html#/species?sortBy=commonNameSort&sortDirection=asc&pageSize=10&keywords=swift%20fox,1/24/22,2021,0,1,0,Mammals (terrestrial),,,,,,,Threatened,,,,,D1,NA,NA,NA,NA,"""Both mark-recapture and camera-trapping were used for the survey, with some townships surveyed using both techniques for comparison."", ""In 2014/2015, 189 townships were sampled in Canada and
Montana (102 in Canada), including sites in 170 townships that had been surveyed in
2005/2006 and 19 new townships. "", ""The extent of occurrence (EOO) of the Canadian segment of the Swift Fox population
as calculated from the 2014/2015 survey data, covered 10,998 km2 """,distributional,DIST,N,NRP,NRP,Moehrenschlager et al. 2020,GL,Looks like a science doc prepared for the Calgary Zoo,Y,B,N,Model was used to calculate the EOO which was considered under criteria B; criteria B not used to list,"""Using Spatially Explicit Capture-Recapture (SECR) methods (Efford 2017; R Core Team 2015) they estimated Swift Fox abundance for the 2,148.96 km2 SECR-generated effective sampling area (ESA). By dividing the estimated abundance by the ESA, they obtained a Swift Fox density of 0.0036 ± SE 0.008 foxes / km2. By extrapolating across the entire Canada-Montana survey range, they estimated that 522.9 ± SE 115.2 foxes occurred across the 14,402 km2 of survey range in Canada, 346.9 ± SE 79.5 foxes across the 9,562 km2 in Montana, and 870.1 ± SE 191.7 foxes across the entire 23,964 km2 Canada- Montana sample range (Moehrenschlager and Moehrenschlager 2018).""",abundance,POP,Y,SE,MED,Moehrenschlager and Moehrenschlager 2018,GL,Looks like a science doc prepared for the Clagary Zoo,Y,"A,C,D",Y,522 individuals from model were used to get the 445 mature individuals which was mentioned in the TS and under AOC for criteria D. Looks like same model was used to estimate abundance trends which are mentioned in TS and AOC for A and C,NA,NA,NA,NA,NA,NA,NA,NA,NA,NA,NA,NA,NA,NA,NA,NA,NA,NA,NA,NA,NA,NA,NA,NA,NA,NA,Y,Y,"THR, OTH",,